,title,season,release_date,rate_jw,rate_imdb,popularity,genres,run_time,content_rating,episode_cnt,Synopsis,images,backdrops,ott,link
0,The Nightcrawlers,,2019,38,0.0,0,['다큐멘터리'],40,,,The Nightcrawlers provides unprecedented access to the the Manila Nightcrawlers as they look to expose the true cost of Filipino President Duterte’s violent war on drugs.,https://images.justwatch.com/poster/255554416/s592/the-nightcrawlers,https://www.justwatch.com/images/backdrop/255554417/s1440/the-nightcrawlers,['https://disneyplus.bn5x.net/c/1206980/705874/9358?u=https%3A%2F%2Fwww.disneyplus.com%2Fmovies%2Fthe-nightcrawlers%2F2lLqFcjCs1AI&subId3=justappsvod'],['Disney Plus']
1,Wild Ways of the Vikings,,2019,35,0.0,0,['다큐멘터리'],58,,,"Ewan McGregor narrates a unique nature special looking at the wildlife of the North Atlantic through the eyes of the Vikings. Combining historical re-enactment with jaw-dropping Natural History sequences, Wild Way of the Vikings features vast herds of reindeer, huge gannet colonies, cute Arctic foxes, seal-hunting orca, mystical ravens and giant walruses.",https://images.justwatch.com/poster/270405841/s592/wild-ways-of-the-vikings,https://www.justwatch.com/images/backdrop/270367659/s1440/wild-ways-of-the-vikings,['https://disneyplus.bn5x.net/c/1206980/705874/9358?u=https%3A%2F%2Fwww.disneyplus.com%2Fmovies%2Fwild-ways-of-the-vikings%2F1HEjSoGwGn9S&subId3=justappsvod'],['Disney Plus']
2,Tangled: Short Cuts,1.0,2017,41,7.4,0,"['애니메이션', '코미디', '가족', '판타지']",4,,9.0,"Tangled: The Series ""Short Cuts"" are a mini-series from Season 1. The series is available on iTunes, DisneyNOW and YouTube.",https://images.justwatch.com/poster/302994081/s592/시즌-1,"data:image/gif;base64,R0lGODlhAQABAAAAACH5BAEKAAEALAAAAAABAAEAAAICTAEAOw==",['https://disneyplus.bn5x.net/c/1206980/705874/9358?u=https%3A%2F%2Fwww.disneyplus.com%2Fseries%2Ftangled-the-series-short-cuts%2F4F80JwalWRuE&subId3=justappsvod'],['Disney Plus']
3,Wild Chile: Un viaje salvaje,1.0,2017,79,7.6,0,['다큐멘터리'],49,,8.0,,https://images.justwatch.com/poster/206939849/s592/시즌-1,https://www.justwatch.com/images/backdrop/195682204/s1440/시즌-1,['https://disneyplus.bn5x.net/c/1206980/705874/9358?u=https%3A%2F%2Fwww.disneyplus.com%2Fseries%2Fwild-chile%2F5eaiGtjRB9Uy&subId3=justappsvod'],['Disney Plus']
4,미녀와 야수 : 마법의 크리스마스,,1997,38,0.0,0,"['애니메이션', '판타지']",70,,,"크리스마스 준비로 바쁜 이브날. 사람이 된 루미에르와 콕스워스는 작년 크리스마스 때를 떠올리며 둘 다 자신이 아니었다면 마법이 풀리지 않았을 것이라고 우겨댄다. 그러자 칩이 엄마인 팟츠 부인에게 그 때 이야기를 해달라고 조른다. 아버지 대신 마법에 걸린 성에 갇혀 있던 벨은 크리스마스 이브가 되자 파티를 열자고 제안한다. 신이 난 루미에르는 성의 장식가였던 안젤리크를 소개하지만 지금은 트리장식으로 변한 그녀는 시큰둥하기만 하다. 크리스마스 무렵에 찾아온 착한 마녀를 박대한 죄로 벌을 받고 있던 야수는 크리스마스를 싫어했던 것. 그래도 벨은 크리스마스에 전하는 사랑의 의미를 일깨워주고 싶은 마음에 열심히 트리를 장식한다.
   하지만. 튼튼한 트리를 구할 수 없자 속상해 하는데, 파이프 오르간으로 변한 성의 지휘자 포르테가 벨에게 숲에서 트리를 구하라고 한다. 야수에게 그곳에는 가지 않겠다고 약속했지만, 아름다운 트리를 만들고 싶은 마음에 숲으로 떠나는 벨. 다른 식구들처럼 마법에서 풀리기를 원하지 않았던 포르테는 벨과 야수가 서로 가까워지는 것을 무슨 수를 써서라도 방해하려 한다.
   한편, 얼음구덩이에 빠진 칩을 구하려던 벨은 위험에 처하고, 이를 알고 달려온 야수에 의해 간신히 구해진다. 약속을 어긴 벨에게 심하게 화를 내며 가두어 버리는 야수. 그러나, 벨이 선물한 이야기책을 펼쳐보자 그 책을 만들며 자기를 생각한 벨의 사랑을 마음 속 깊이 느끼고 자신의 잘못을 뉘우치고 성의 식구들과 함께 크리스마스를 즐긴다.",https://images.justwatch.com/poster/104099260/s592/beauty-and-the-beast-the-enchanted-christmas,https://www.justwatch.com/images/backdrop/288650667/s1440/beauty-and-the-beast-the-enchanted-christmas,['https://disneyplus.bn5x.net/c/1206980/705874/9358?u=https%3A%2F%2Fwww.disneyplus.com%2Fmovies%2Fbeauty-and-the-beast-the-enchanted-christmas%2F4OcpHSrxMFs0&subId3=justappsvod'],['Disney Plus']
5,미키마우스 뒤죽박죽 모험,1.0,2019,84,6.0,0,"['코미디', '가족', '스포츠', '애니메이션']",23,,20.0,,https://images.justwatch.com/poster/257219061/s592/시즌-1,https://www.justwatch.com/images/backdrop/257219062/s1440/시즌-1,['https://disneyplus.bn5x.net/c/1206980/705874/9358?u=https%3A%2F%2Fwww.disneyplus.com%2Fseries%2Fmickey-mouse-mixed-up-adventures%2F4VPgfWnNttFe&subId3=justappsvod'],['Disney Plus']
6,스푸키 버디즈,,2011,38,0.0,0,['코미디'],88,,,월트 디즈니의 귀여운 버디즈 시리즈의 최신작인 '스푸키 버디즈'! 펀필드 마을의 저주로부터 우리의 레트리버 5남매는 자신들의 주인들을 모두 구해낼 수 있을까?,https://images.justwatch.com/poster/178790289/s592/spooky-buddies,https://www.justwatch.com/images/backdrop/178790291/s1440/spooky-buddies,['https://disneyplus.bn5x.net/c/1206980/705874/9358?u=https%3A%2F%2Fwww.disneyplus.com%2Fmovies%2Fspooky-buddies%2Fizr8dMz5EK6A&subId3=justappsvod'],['Disney Plus']
7,빅 핍: 누구의 거짓말?,1.0,2020,37,0.0,0,['Reality TV'],23,,20.0,,https://images.justwatch.com/poster/182755712/s592/시즌-1,https://www.justwatch.com/images/backdrop/182260352/s1440/시즌-1,['https://disneyplus.bn5x.net/c/1206980/705874/9358?u=https%3A%2F%2Fwww.disneyplus.com%2Fseries%2Fthe-big-fib%2F2bnZcZyBeEfx&subId3=justappsvod'],['Disney Plus']
8,로빈슨 가족,,1960,77,7.1,17000,"['액션', '가족']",126,,,"나폴레옹의 야심으로 전쟁의 소용돌이에 휩싸인 유럽 대륙을 피해 새로운 땅 뉴기니를 찾아 항해하던 스위스의 한 가족은 해적에 뒤쫓기던 중 폭풍 속에 배는 난파되고 일가족은 근처 무인도에 비상 상륙한다. 세 아들과 함께 무인도에 고립된 로빈슨 부부는 난파선에서 가축이며 살림살이 등 생활에 필요한 것들을 실어 내오고 야생동물을 피해 나무 위에 집을 짓는 등 로빈슨 크루소에 버금가는 감탄할만한 지혜들을 무궁무진 펼쳐 보인다. 얼마 후 로빈슨 부부는 두 아들에게 섬 주변을 탐색할 기회를 주고, 이 들은 어느 해변에서 할아버지 선장과 함께 해적에게 잡혀 있던 한 소년을 구출하고, 그 애가 남장 소녀, 로베르타임을 알게 되면서 섬을 가로질러 돌아가는 험난한 여정 끝에 집으로 돌아온다. 새로운 식구를 맞은 로빈슨 가족은 잠시 평화를 찾지만 두 형제는 로베르타의 사랑을 놓고 팽팽한 라이벌 관계에 놓이고, 가족들은 포로, 로베르타를 빼앗긴 해적들이 공격해 올 것에 대비해 각종 지략을 동원한 기발한 장애물들을 설치하고 무기를 만든다. 드디어 해적과의 결전의 날이 오고 철저히 준비한 로빈슨 가족의 장애물들이 차례로 효과를 발휘한다. 그러나 끈질기게 공격해 들어오는 해적들에게 당할 위기에 처하고 그 순간 로베르타의 할아버지인 선장이 이끄는 배가 포를 쏘며 출현하여 남은 해적들은 혼비백산 도망친다. 선장은 로빈슨 가족에게 유럽으로 돌아가던가 뉴기니로 데려다주겠다고 제안하지만 공부를 하기 위해 런던으로 떠나겠다는 둘째 아들만 제외하고 모두 진정한 행복을 가르쳐 준 이 섬에 그대로 남기를 원한다.",https://images.justwatch.com/poster/116210707/s592/robinseun-gajog-1960,https://www.justwatch.com/images/backdrop/204913045/s1440/robinseun-gajog-1960,['https://disneyplus.bn5x.net/c/1206980/705874/9358?u=https%3A%2F%2Fwww.disneyplus.com%2Fmovies%2Fswiss-family-robinson%2F574SpL5ffj3j&subId3=justappsvod'],['Disney Plus']
9,수퍼 버디즈,,2013,36,0.0,0,['코미디'],130,,,신나는 모험으로 가득한 디즈니의 귀여운 슈퍼 히어로 탄생! 웃음과 액션으로 가득 찬 '수퍼 버디즈'는 슈퍼 히어로가 되는 데는 슈퍼 파워보다 지혜와 협동이 필요하다는 것을 보여준다.,https://images.justwatch.com/poster/245172159/s592/super-buddies,https://www.justwatch.com/images/backdrop/204701561/s1440/super-buddies,['https://disneyplus.bn5x.net/c/1206980/705874/9358?u=https%3A%2F%2Fwww.disneyplus.com%2Fmovies%2Fsuper-buddies%2F6qnin3Wcu9CQ&subId3=justappsvod'],['Disney Plus']
10,비버리힐즈 치와와 2,,2011,36,0.0,0,['코미디'],84,,,"디즈니의 말하는 치와와가 이번엔 더 왁자지껄한 소동을 안고 돌아왔다! 막 결혼을 한 신혼부부 파피와 클로이에게 강아지들이 태어나자 럭셔리했던 생활이 소란스럽게 바뀐다. 그러나 인간 가족에게 문제가 닥치자, 치와와 가족이 똘똘 뭉쳐 문제를 해결한다!",https://images.justwatch.com/poster/241918483/s592/beverly-hills-chihuahua-2,https://www.justwatch.com/images/backdrop/203674222/s1440/beverly-hills-chihuahua-2,['https://disneyplus.bn5x.net/c/1206980/705874/9358?u=https%3A%2F%2Fwww.disneyplus.com%2Fmovies%2Fbeverly-hills-chihuahua-2%2FSsLR0fVuRnA7&subId3=justappsvod'],['Disney Plus']
11,세상을 정복하다,,2021,71,6.7,0,['다큐멘터리'],91,,,글로벌 스타트업 경진대회에 참가한 전세계 청년들의 도전기를 그린 다큐멘터리,https://images.justwatch.com/poster/241796664/s592/sesangeul-jeongboghada,https://www.justwatch.com/images/backdrop/241796669/s1440/sesangeul-jeongboghada,['https://disneyplus.bn5x.net/c/1206980/705874/9358?u=https%3A%2F%2Fwww.disneyplus.com%2Fmovies%2Fown-the-room%2F3AQzucGseNDl&subId3=justappsvod'],['Disney Plus']
12,어른이 되려면,1.0,2022,69,6.8,0,['다큐멘터리'],20,,10.0,,https://images.justwatch.com/poster/300695953/s592/시즌-1,https://www.justwatch.com/images/backdrop/300731270/s1440/시즌-1,['https://disneyplus.bn5x.net/c/1206980/705874/9358?u=https%3A%2F%2Fwww.disneyplus.com%2Fseries%2Fgrowing-up%2F4pPvFiXmJMse&subId3=justappsvod'],['Disney Plus']
13,아빠가 줄었어요,,1997,58,4.9,15000,"['코미디', '가족', 'SF', '액션']",72,,,"(아빠가 줄었어요)는 (애들이 줄었어요) 시리즈의 제3편.괴짜 발명가 잘린스키 박사의 축소 확대 기계를 둘러싼 소동을 가족영화 의 무난한 틀에 담은 전형적인 디즈니표 영화다. 이번엔 아이들에 이어, 어른들이 이 말썽 많은 기계의 재물신세가 된다. 박사 자신은 물론, 아내와 형, 형수까지 모두 쌀알만한 마이크로 생명체 신세가 돼버린것. (고인돌 가족) (쥬라기 공원) (백 투더 퓨처) 등의 대형 블록버스터를 촬영해 왔던 딘 컨디가 (마이티 죠 영)에 이어 두번째 로 메가폰을 잡은 작품. 크리스 멘지스나 배리 소넨필드 등 촬영감독출신 감독계보를 성공적으로 이어갈지 관심거리다.",https://images.justwatch.com/poster/296121495/s592/honey-we-shrunk-ourselves,https://www.justwatch.com/images/backdrop/301602959/s1440/honey-we-shrunk-ourselves,['https://disneyplus.bn5x.net/c/1206980/705874/9358?u=https%3A%2F%2Fwww.disneyplus.com%2Fmovies%2Fhoney-we-shrunk-ourselves%2F3egbg5jOAvGy&subId3=justappsvod'],['Disney Plus']
14,타잔과 제인,,2002,37,0.0,0,['애니메이션'],75,,,"타잔과 제인이 정글 속에서 행복한 결혼 생활을 시작한지도 어언 1년이 다 되어간다. 첫 결혼기념일이 다가오자, 제인은 타잔에게 뭔가 특별한 추억거리를 준비하고 싶어한다. 기념 파티? 멋진 선물? 아니면 달빛 아래서의 댄스? 하지만, 무엇을 생각해봐도 타잔이 기뻐할 것 같지 않다. 제인이 생각해낸 것들은 모두가 안 좋은 기억과 연관되어 있기 때문이다. 멀리 런던에서 제인의 여학교 동창들이 찾아왔을 때였다. 친구들이 타잔을 야만인 취급하며 제인이 숙녀답지 못한 생활을 한다고 꾸짖자, 제인은 정글생활도 충분히 문명적일 수 있음을 보여주기 위해 멋들어진 피크닉 파티를 계획한다. 그러나, 수려한 경관을 즐기던 그녀들은 갑작스레 사나운 흑표범의 공격을 받게 되고, 뒤늦게 피크닉 장소에 찾아간 타잔은 흑표범의 흔적에 깜짝 놀라 제인 일행을 찾아나선다. 무시무시한 밤을 보낸 후에야 제인 일행은 가까스로 타잔의 구원을 받지만, 정말 끔찍한 일이었다.",https://images.justwatch.com/poster/22229372/s592/tajangwa-jein,https://www.justwatch.com/images/backdrop/280980411/s1440/tajangwa-jein,['https://disneyplus.bn5x.net/c/1206980/705874/9358?u=https%3A%2F%2Fwww.disneyplus.com%2Fmovies%2Ftarzan-jane%2F1wPxinZcPLIO&subId3=justappsvod'],['Disney Plus']
15,칩 앤 데일: 파크 라이프,1.0,2021,69,6.0,0,"['코미디', '가족', '애니메이션']",22,,14.0,,https://images.justwatch.com/poster/249191408/s592/시즌-1,https://www.justwatch.com/images/backdrop/249178896/s1440/시즌-1,['https://disneyplus.bn5x.net/c/1206980/705874/9358?u=https%3A%2F%2Fwww.disneyplus.com%2Fseries%2Fchip-n-dale-park-life%2F2NEpKaF9RUqQ&subId3=justappsvod'],['Disney Plus']
16,칩 앤 데일: 파크 라이프,2.0,2023,0,6.0,0,"['코미디', '가족', '애니메이션']",7,,1.0,,https://images.justwatch.com/poster/247458469/s592/시즌-2,https://www.justwatch.com/images/backdrop/249178896/s1440/시즌-2,[],[]
17,파티 센트럴,,2014,40,0.0,0,['코미디'],5,,,"Mike and Sulley are back at Monsters University for a fun-filled weekend with their Oozma Kappa fraternity brothers. The gang is throwing their first party, but no one’s showing up. Luckily for them, Mike and Sulley have come up with a plan to make sure “Party Central” is the most epic party the school has ever seen.",https://images.justwatch.com/poster/121530305/s592/pati-senteureol,https://www.justwatch.com/images/backdrop/100544561/s1440/pati-senteureol,['https://disneyplus.bn5x.net/c/1206980/705874/9358?u=https%3A%2F%2Fwww.disneyplus.com%2Fmovies%2Fparty-central%2F3QONcMZepEOr&subId3=justappsvod'],['Disney Plus']
18,아기 돼지 삼형제,,1933,40,0.0,0,['코미디'],8,,,"아카데미 상을 받은 이 단편에서, 아기 돼지 삼 형제는 각자의 집을 짓는다. 하나는 짚으로, 하나는 나무로, 하나는 늑대를 막을 수 있는 벽돌로. 커다란 나쁜 늑대가 찾아와 초가집과 나무집을 불어 날려 버린다. 세 마리의 돼지들은 현실적인 돼지의 벽돌집으로 피신하고, 늑대는 벽돌 집을 불어 무너뜨리지 못한다.",https://images.justwatch.com/poster/19274730/s592/three-little-pigs,https://www.justwatch.com/images/backdrop/209262438/s1440/three-little-pigs,['https://disneyplus.bn5x.net/c/1206980/705874/9358?u=https%3A%2F%2Fwww.disneyplus.com%2Fmovies%2Fthree-little-pigs%2F3MAQz8SCcfB1&subId3=justappsvod'],['Disney Plus']
19,조지 & A.J.,,2009,36,0.0,0,['애니메이션'],4,,,업에서 주인공 할아버지를 데려가던 문제의 캐릭터 2인방의 뒷이야기.,https://images.justwatch.com/poster/189163799/s592/joji-and-a-j,https://www.justwatch.com/images/backdrop/210858249/s1440/joji-and-a-j,['https://disneyplus.bn5x.net/c/1206980/705874/9358?u=https%3A%2F%2Fwww.disneyplus.com%2Fmovies%2Fgeorge-aj%2F586hoD3t2Z5Y&subId3=justappsvod'],['Disney Plus']
20,플로트,,2019,42,0.0,0,"['애니메이션', '드라마', '가족']",7,,,"한 아버지가 자기 아들이 남들과는 다르다는 사실을 발견하게 된다. 선입견 가득한 시선을 피하고 싶은 아버지는, 아들을 숨기며 살아왔다. 그러다 어느 날, 공공장소에서 아들의 능력이 드러났고 아버지는 아들을 외면할 것인지, 아니면 능력을 받아들이고 살아갈지에 대한 선택의 순간을 맞이한다.",https://images.justwatch.com/poster/124412434/s592/float,https://www.justwatch.com/images/backdrop/168799003/s1440/float,['https://disneyplus.bn5x.net/c/1206980/705874/9358?u=https%3A%2F%2Fwww.disneyplus.com%2Fmovies%2Ffloat%2F7dIYGyfvHWEJ&subId3=justappsvod'],['Disney Plus']
21,믿어주세요 진짜예요!,1.0,2016,74,7.8,0,"['가족', '다큐멘터리']",22,,17.0,,https://images.justwatch.com/poster/200934877/s592/시즌-1,https://www.justwatch.com/images/backdrop/200934880/s1440/시즌-1,[],[]
22,믿어주세요 진짜예요!,2.0,2017,74,7.8,0,"['다큐멘터리', '가족']",22,,15.0,,https://images.justwatch.com/poster/200934876/s592/시즌-2,https://www.justwatch.com/images/backdrop/200934880/s1440/시즌-2,[],[]
23,믿어주세요 진짜예요!,3.0,2020,74,7.8,0,"['가족', '다큐멘터리']",24,,13.0,,https://images.justwatch.com/poster/200934875/s592/시즌-3,https://www.justwatch.com/images/backdrop/200934880/s1440/시즌-3,['https://disneyplus.bn5x.net/c/1206980/705874/9358?u=https%3A%2F%2Fwww.disneyplus.com%2Fseries%2Fweird-but-true%2F5vfUqv8rLBHD&subId3=justappsvod'],['Disney Plus']
24,Star Wars Vehicle Flythroughs,1.0,2021,70,6.2,0,['SF'],4,,2.0,,https://images.justwatch.com/poster/245317366/s592/시즌-1,https://www.justwatch.com/images/backdrop/245317566/s1440/시즌-1,['https://disneyplus.bn5x.net/c/1206980/705874/9358?u=https%3A%2F%2Fwww.disneyplus.com%2Fseries%2Fstar-wars-vehicle-flythroughs%2F6HW19724nXLU&subId3=justappsvod'],['Disney Plus']
25,사랑의 캔버스,,2003,60,5.4,7000,"['로맨스', '코미디']",90,,,"예술가 콜린 웨어는 그가 사랑하는 약혼녀 베라가 다른 남자와 결혼한다는 소식을 듣자, 실연에 지친 마음을 달래고 예술에만 열중하기 위해 미국의 도시, 호프로 도피를 떠나는데…",https://images.justwatch.com/poster/175250255/s592/hope-springs,https://www.justwatch.com/images/backdrop/259017340/s1440/hope-springs,['https://disneyplus.bn5x.net/c/1206980/705874/9358?u=https%3A%2F%2Fwww.disneyplus.com%2Fmovies%2Fhope-springs%2F3PBk551C5TlD&subId3=justappsvod'],['Disney Plus']
26,아폴로: 미션 투 더 문,,2019,80,7.5,0,"['역사', '다큐멘터리']",94,,,"1960년대 후반, 인류를 달에 보내려는 미국의 목표는 성공을 눈앞에 두고 있었다. 하지만 이 계획의 시작은 오래전으로 거슬러 올라간다. 불가능해 보였던 목표를 위해 12년 동안 12번의 유인 탐사를 진행했던 아폴로 계획. 희귀한 영상 자료 및 음성 자료와 함께 인류 역사상 가장 놀라웠던 시기를 조명하는 다큐멘터리.",https://images.justwatch.com/poster/141485445/s592/apollo-missions-to-the-moon,https://www.justwatch.com/images/backdrop/148865238/s1440/apollo-missions-to-the-moon,['https://disneyplus.bn5x.net/c/1206980/705874/9358?u=https%3A%2F%2Fwww.disneyplus.com%2Fmovies%2Fapollo-missions-to-the-moon%2F1f6BzHy0ikUs&subId3=justappsvod'],['Disney Plus']
27,팅커벨 3: 위대한 요정 구조대,,2010,41,0.0,0,"['판타지', '애니메이션']",76,,,"픽시할로우에도 여름이 찾아오고 요정나라는 새로운 계절을 맞아 저마다 바쁜 날들을 보내고 있다. 요정들은 픽시할로우에서 벗어나 여름 캠프를 차리고 평소 호기심이 많은 팅커벨에게 친구들은 절대 사람들의 집 근처로는 가지 말라고 얘기한다.  어느 날, 비디아와 티격태격하던 팅커벨은 우연히 사람들의 자동차를 보게 되고 호기심이 발동한다. 자동차가 너무 궁금한 나머지 차 가까이에 가서 자동차를 자세히 관찰하는 팅커벨. 꼬마 소녀 리지는 요정들이 존재한다고 믿는 아이.  리지가 만들어 놓은 요정의 집을 발견한 팅커벨은 궁금증을 참지 못하고 들어가게 되고 같이 갔던 비디아의 장난으로 팅커벨은 리지에게 발각되고 만다.  리지는 팅커벨을 신기해하며 관찰하기 시작하는데...",https://images.justwatch.com/poster/240540752/s592/tingkeobel-widaehan-yojeong-gujodae,https://www.justwatch.com/images/backdrop/206853404/s1440/tingkeobel-widaehan-yojeong-gujodae,['https://disneyplus.bn5x.net/c/1206980/705874/9358?u=https%3A%2F%2Fwww.disneyplus.com%2Fmovies%2Ftinker-bell-and-the-great-fairy-rescue%2F7POM51HCvaJj&subId3=justappsvod'],['Disney Plus']
28,좀비스,,2018,74,6.0,6000,"['코미디', '공포', '가족', '판타지', '로맨스']",94,,,"정부가 좀비들이 사람의 뇌를 먹지 않게 만드는 장치를 개발하자, 획일성과 전통, 단합을 중요시하는 시브룩 고등학교는 좀비타운 출신 학생들을 받게 된다. 인간 학생들과 좀비 학생들이 함께 어우러지기 위해 노력하는 가운데, 치어리더인 애디슨과 좀비인 제드 사이에 우정이 싹트면서 학교와 마을에 화합이 이루어진다.",https://images.justwatch.com/poster/157563844/s592/z-o-m-b-i-e-s,https://www.justwatch.com/images/backdrop/199516252/s1440/z-o-m-b-i-e-s,['https://disneyplus.bn5x.net/c/1206980/705874/9358?u=https%3A%2F%2Fwww.disneyplus.com%2Fmovies%2Fz-o-m-b-i-e-s%2F6kjGy4OR1In6&subId3=justappsvod'],['Disney Plus']
29,자라나는 동물들,1.0,2021,80,8.0,0,['다큐멘터리'],49,,6.0,,https://images.justwatch.com/poster/249964670/s592/시즌-1,https://www.justwatch.com/images/backdrop/249835855/s1440/시즌-1,['https://disneyplus.bn5x.net/c/1206980/705874/9358?u=https%3A%2F%2Fwww.disneyplus.com%2Fseries%2Fgrowing-up-animal%2F5nGnfMGUwMtm&subId3=justappsvod'],['Disney Plus']
30,So Random!,1.0,2011,67,4.5,2000,"['코미디', '가족']",23,,20.0,,https://images.justwatch.com/poster/248497737/s592/시즌-1,https://www.justwatch.com/images/backdrop/248497739/s1440/시즌-1,['https://disneyplus.bn5x.net/c/1206980/705874/9358?u=https%3A%2F%2Fwww.disneyplus.com%2Fseries%2Fso-random%2F5PrYAiFRBnhS&subId3=justappsvod'],['Disney Plus']
31,Hitler's American Battleground,1.0,2021,30,0.0,0,['다큐멘터리'],44,,2.0,,https://images.justwatch.com/poster/280999027/s592/시즌-1,https://www.justwatch.com/images/backdrop/298710168/s1440/시즌-1,['https://disneyplus.bn5x.net/c/1206980/705874/9358?u=https%3A%2F%2Fwww.disneyplus.com%2Fseries%2Fhitlers-american-battleground%2F24UBEtNkXydB&subId3=justappsvod'],['Disney Plus']
32,The Tortoise and the Hare,,1935,40,0.0,0,"['애니메이션', '판타지', '다큐멘터리']",9,,,"The Tortoise and the Hare is an animated short film released on January 5, 1935 by United Artists, produced by Walt Disney and directed by Wilfred Jackson. Based on an Aesop's fable of the same name, The Tortoise and the Hare won the 1934 Academy Award for Best Short Subject: Cartoons. This cartoon is also believed to be one of the influences for Bugs Bunny.",https://images.justwatch.com/poster/138275030/s592/the-tortoise-and-the-hare,https://www.justwatch.com/images/backdrop/138275037/s1440/the-tortoise-and-the-hare,['https://disneyplus.bn5x.net/c/1206980/705874/9358?u=https%3A%2F%2Fwww.disneyplus.com%2Fmovies%2Fthe-tortoise-and-the-hare%2F7SvvEmHocH6O&subId3=justappsvod'],['Disney Plus']
33,2000's Greatest Tragedies,,2015,4,0.0,0,['다큐멘터리'],43,,,"From 9/11 to Hurricane Katrina, this documentary covers a decade of tragedies, featuring the stories of survivors and experts.",https://images.justwatch.com/poster/256436040/s592/2000s-greatest-tragedies,https://www.justwatch.com/images/backdrop/256363105/s1440/2000s-greatest-tragedies,['https://disneyplus.bn5x.net/c/1206980/705874/9358?u=https%3A%2F%2Fwww.disneyplus.com%2Fmovies%2F2000s-greatest-tragedies%2F2xhSDn2NHRue&subId3=justappsvod'],['Disney Plus']
34,"타이타닉 호, 새로운 발견",,2020,68,6.2,0,['다큐멘터리'],45,,,바다에 침몰한 타이타닉호를 유인 잠수선으로 탐사하는 과정을 담은 다큐멘터리,https://images.justwatch.com/poster/267532676/s592/back-to-the-titanic,https://www.justwatch.com/images/backdrop/201604141/s1440/back-to-the-titanic,['https://disneyplus.bn5x.net/c/1206980/705874/9358?u=https%3A%2F%2Fwww.disneyplus.com%2Fmovies%2Fback-to-the-titanic%2F4Zwxx6LTYA6h&subId3=justappsvod'],['Disney Plus']
35,와일드 콩고,1.0,2014,86,7.3,0,['다큐멘터리'],44,,2.0,,https://images.justwatch.com/poster/205037982/s592/시즌-1,https://www.justwatch.com/images/backdrop/205037984/s1440/시즌-1,['https://disneyplus.bn5x.net/c/1206980/705874/9358?u=https%3A%2F%2Fwww.disneyplus.com%2Fseries%2Fwild-congo%2F20a43BSk31hI&subId3=justappsvod'],['Disney Plus']
36,디센던츠: 로얄 웨딩,,2021,42,0.0,0,['애니메이션'],22,,,"말과 벤의 결혼식은 오라돈 역사상 가장 큰 행사이지만, 하데스는 말이 모든 것을 바꿀 수 있는 로스트 섬의 대결을 이끌어내기 위해 결혼식을 망치겠다고 위협한다!",https://images.justwatch.com/poster/251450838/s592/disendeonceu-royal-weding,https://www.justwatch.com/images/backdrop/249467013/s1440/disendeonceu-royal-weding,['https://disneyplus.bn5x.net/c/1206980/705874/9358?u=https%3A%2F%2Fwww.disneyplus.com%2Fmovies%2Fdescendants-royal-wedding%2F508J13NiTzRD&subId3=justappsvod'],['Disney Plus']
37,Just Roll with It,1.0,2019,64,5.1,0,"['코미디', '가족']",25,,20.0,,https://images.justwatch.com/poster/133244207/s592/시즌-1,https://www.justwatch.com/images/backdrop/199285736/s1440/시즌-1,[],[]
38,Just Roll with It,2.0,2020,64,5.1,0,"['가족', '코미디']",23,,20.0,,https://images.justwatch.com/poster/199284396/s592/시즌-2,https://www.justwatch.com/images/backdrop/199285736/s1440/시즌-2,['https://disneyplus.bn5x.net/c/1206980/705874/9358?u=https%3A%2F%2Fwww.disneyplus.com%2Fseries%2Fjust-roll-with-it%2FL0t9ElWLxMU7&subId3=justappsvod'],['Disney Plus']
39,토드와 코퍼 2,,2006,38,0.0,0,['애니메이션'],69,,,"가장 친한 친구 토드, 여우 키트, 그리고 사냥개 인 코퍼는 ""The Singin 'Strays""라고 불리는 개 무리를 볼 때 국가 박람회를 방문합니다. 밴드에는 5 명의 멤버가 있습니다 : Dixie, Cash, Granny Rose, 쌍둥이 형제 Waylon과 Floyd. 재능 스카우트가 방문하기 때문에 잘 수행하는 것이 중요합니다.
 (구글번역)",https://images.justwatch.com/poster/9934192/s592/the-fox-and-the-hound-2,https://www.justwatch.com/images/backdrop/9934196/s1440/the-fox-and-the-hound-2,['https://disneyplus.bn5x.net/c/1206980/705874/9358?u=https%3A%2F%2Fwww.disneyplus.com%2Fmovies%2Fthe-fox-and-the-hound-2%2F2hnHqc5GoMrA&subId3=justappsvod'],['Disney Plus']
40,와일드 러시아,1.0,2008,86,8.4,0,"['다큐멘터리', 'Made in Europe']",44,,6.0,,https://images.justwatch.com/poster/205012210/s592/시즌-1,https://www.justwatch.com/images/backdrop/205012213/s1440/시즌-1,['https://disneyplus.bn5x.net/c/1206980/705874/9358?u=https%3A%2F%2Fwww.disneyplus.com%2Fseries%2Fwild-russia%2F1hLAXpv4Iu0A&subId3=justappsvod'],['Disney Plus']
41,와일드 러시아,2.0,2018,86,8.4,0,"['다큐멘터리', 'Made in Europe']",48,,4.0,,https://images.justwatch.com/poster/205012210/s592/시즌-2,https://www.justwatch.com/images/backdrop/205012213/s1440/시즌-2,[],[]
42,Encore!,1.0,2019,79,7.6,0,['Reality TV'],54,,12.0,,https://images.justwatch.com/poster/204099204/s592/시즌-1,https://www.justwatch.com/images/backdrop/204099470/s1440/시즌-1,['https://disneyplus.bn5x.net/c/1206980/705874/9358?u=https%3A%2F%2Fwww.disneyplus.com%2Fseries%2Fencore%2F3r49nbURzxkt&subId3=justappsvod'],['Disney Plus']
43,Meet Spidey and His Amazing Friends - shorts - Season 1,,2021,1,0.0,0,[''],5,,11.0,,https://images.justwatch.com/poster/263483931/s592/시즌-1,https://www.justwatch.com/images/backdrop/263483856/s1440/시즌-1,['https://disneyplus.bn5x.net/c/1206980/705874/9358?u=https%3A%2F%2Fwww.disneyplus.com%2Fseries%2Fmeet-spidey-and-his-amazing-friends%2F7P0kYzTTrDtm&subId3=justappsvod'],['Disney Plus']
44,Miraculous World : New York – United HeroeZ,,2020,45,0.0,0,"['애니메이션', '판타지', '액션']",52,,,"마리네뜨의 학급은 프랑스-미국 친선 주간을 맞아 슈퍼히어로의 도시 뉴욕으로 향한다. 학급 전체가 뉴욕으로 가지만, 아드리앙만 예외다. 아드리앙의 아버지가 허락하지 않기 때문이다!",https://images.justwatch.com/poster/207831275/s592/miraculous-world-new-york-united-heroez,https://www.justwatch.com/images/backdrop/214981208/s1440/miraculous-world-new-york-united-heroez,['https://disneyplus.bn5x.net/c/1206980/705874/9358?u=https%3A%2F%2Fwww.disneyplus.com%2Fmovies%2Fmiraculous-world-new-york-united-heroez%2F6qITTDc66tyO&subId3=justappsvod'],['Disney Plus']
45,킷불,,2019,46,0.0,0,['애니메이션'],9,,,"An unlikely connection sparks between two creatures: a fiercely independent stray kitten and a pit bull. Together, they experience friendship for the first time.",https://images.justwatch.com/poster/195573878/s592/kitbull,https://www.justwatch.com/images/backdrop/164539648/s1440/kitbull,['https://disneyplus.bn5x.net/c/1206980/705874/9358?u=https%3A%2F%2Fwww.disneyplus.com%2Fmovies%2Fkitbull%2F48I9ePWUtfW1&subId3=justappsvod'],['Disney Plus']
46,Flowers and Trees,,1932,40,0.0,0,['애니메이션'],8,,,A jealous stump threatens two trees that are in love by starting a forest fire. When the rain comes and puts out the fire the forest revives and celebrates the wedding.,https://images.justwatch.com/poster/11993645/s592/flowers-and-trees,https://www.justwatch.com/images/backdrop/208443161/s1440/flowers-and-trees,['https://disneyplus.bn5x.net/c/1206980/705874/9358?u=https%3A%2F%2Fwww.disneyplus.com%2Fmovies%2Fflowers-and-trees%2F4ozhrdjQJIZA&subId3=justappsvod'],['Disney Plus']
47,Dolphin Reef,,2019,71,6.7,0,"['다큐멘터리', '가족']",77,,,"Disneynature dives under the sea to frolic with some of the planet's most engaging animals: dolphins. Echo is a young bottlenose dolphin who can't quite decide if it's time to grow up and take on new responsibilities-or give in to his silly side and just have fun. Dolphin society is tricky, and the coral reef that Echo and his family call home depends on all of its inhabitants to keep it healthy. But with humpback whales, orcas, sea turtles and cuttlefish seemingly begging for his attention, Echo has a tough time resisting all that the ocean has to offer.",https://images.justwatch.com/poster/175087679/s592/dolphin-reef,https://www.justwatch.com/images/backdrop/156615034/s1440/dolphin-reef,['https://disneyplus.bn5x.net/c/1206980/705874/9358?u=https%3A%2F%2Fwww.disneyplus.com%2Fmovies%2Fdolphin-reef%2F7lPTdP5ucgeL&subId3=justappsvod'],['Disney Plus']
48,Gathering Storm,1.0,2020,42,7.7,0,['다큐멘터리'],44,,6.0,,https://images.justwatch.com/poster/238683476/s592/시즌-1,https://www.justwatch.com/images/backdrop/216867724/s1440/시즌-1,['https://disneyplus.bn5x.net/c/1206980/705874/9358?u=https%3A%2F%2Fwww.disneyplus.com%2Fseries%2Fgathering-storm%2F672px5MyjFwU&subId3=justappsvod'],['Disney Plus']
49,Brave Little Tailor,,1938,41,0.0,0,"['가족', '판타지', '애니메이션']",9,,,"When a giant threatens the land, the cityfolk mistake Mickey's boast of killing seven flies with one blow to be giants. He is then forced to fight the giant for real.",https://images.justwatch.com/poster/174412418/s592/brave-little-tailor,https://www.justwatch.com/images/backdrop/11924136/s1440/brave-little-tailor,['https://disneyplus.bn5x.net/c/1206980/705874/9358?u=https%3A%2F%2Fwww.disneyplus.com%2Fmovies%2Fbrave-little-tailor%2F43cGhKlOPvSe&subId3=justappsvod'],['Disney Plus']
50,비 워터,,2020,40,0.0,0,['다큐멘터리'],105,,,"전설적인 배우이자 무술가 이소룡의 연대기를 다룬 적나라한 다큐멘터리. 할리우드에서 거부당한 후 이소룡은 부모님의 고국인 홍콩으로 돌아갔고, 32세의 나이로 사망할 때까지 짧은 커리어 중에 4편의 아이콘과도 같은 영화를 완성한다. ""비 워터""는 중국인 오페라 스타의 아들인 이소룡의 샌프란시스코에서의 삶과 문제아로 살던 홍콩에서의 삶을 들여다본다. 18세 나이에 이소룡은 시애틀에서 쿵후를 가르치며 살았고 미래의 아내인 린다를 만났다. 할리우드가 아시아계 주연 배우를 받아들일 준비가 안 됐을 때, 이소룡은 홍콩으로 돌아가 국제적인 슈퍼스타가 됐다. 인터뷰와 기록 영상이 이소룡의 카리스마, 열정, 철학, 무술에 대한 헌신을 속속들이 보여준다.",https://images.justwatch.com/poster/242303933/s592/be-water,https://www.justwatch.com/images/backdrop/242303934/s1440/be-water,['https://disneyplus.bn5x.net/c/1206980/705874/9358?u=https%3A%2F%2Fwww.disneyplus.com%2Fmovies%2Fbe-water%2F442DhvIxKjup&subId3=justappsvod'],['Disney Plus']
51,Mickey and the Seal,,1948,39,0.0,0,"['애니메이션', '코미디', '가족']",7,,,"Mickey accidentally takes a seal home, after it sneaks into his picnic basket. When Mickey takes a bath, the seal is discovered and Mickey returns him to the park. Later, however, Mickey and Pluto discover that the bathroom is filled with seals!",https://images.justwatch.com/poster/271853913/s592/mickey-and-the-seal,https://www.justwatch.com/images/backdrop/209850322/s1440/mickey-and-the-seal,['https://disneyplus.bn5x.net/c/1206980/705874/9358?u=https%3A%2F%2Fwww.disneyplus.com%2Fmovies%2Fmickey-and-the-seal%2F2gCXZTU7yWRe&subId3=justappsvod'],['Disney Plus']
52,비커밍: 꿈으로 가는 길,1.0,2020,81,7.1,0,"['다큐멘터리', '드라마', '가족', '역사', '스포츠']",24,,10.0,,https://images.justwatch.com/poster/206305168/s592/시즌-1,https://www.justwatch.com/images/backdrop/303004029/s1440/시즌-1,['https://disneyplus.bn5x.net/c/1206980/705874/9358?u=https%3A%2F%2Fwww.disneyplus.com%2Fseries%2Fbecoming%2F59IcHw2Be9Rr&subId3=justappsvod'],['Disney Plus']
53,Let's Be Tigers,,2021,42,0.0,0,['드라마'],15,,,"Avalon’s not ready to process the loss of her mother, but when she's put in charge of a 4-year-old for one night, she finds more comfort than she ever could have expected.",https://images.justwatch.com/poster/245388490/s592/lets-be-tigers,https://www.justwatch.com/images/backdrop/245388491/s1440/lets-be-tigers,['https://disneyplus.bn5x.net/c/1206980/705874/9358?u=https%3A%2F%2Fwww.disneyplus.com%2Fmovies%2Flets-be-tigers%2F4CQ6aq7r5Xfp&subId3=justappsvod'],['Disney Plus']
54,아이스 에이지: 알 찾기 대소동,,2016,69,5.9,3000,"['코미디', '가족', '애니메이션']",25,,,철부지 시드가 비즈니스 서비스 사업을 시작했다.  비즈니스 사업이란 바로 알 돌보기!!!  여러 동물들의 알들을 맡아 돌봐 주는 것인데 인기 만발로 성황을 이루는데  이들에게 앙심을 품은 무서운 토끼?가 나타난다...,https://images.justwatch.com/poster/238626640/s592/aiseu-eiji-alcajgi-daemoheom,https://www.justwatch.com/images/backdrop/1355379/s1440/aiseu-eiji-alcajgi-daemoheom,['https://disneyplus.bn5x.net/c/1206980/705874/9358?u=https%3A%2F%2Fwww.disneyplus.com%2Fmovies%2Fice-age-the-great-egg-scapade%2F5JNnSxT2BIgk&subId3=justappsvod'],['Disney Plus']
55,화성은 엄마가 필요해,,2011,64,5.4,23000,"['애니메이션', 'SF', '액션', '가족']",88,,,"만화책과 좀비영화를 좋아하는 9살 마일로는 사사건건 잔소리를 늘어놓는 엄마와 매일매일이 전쟁이다.
 그러던 어느날 밤 화성인들에게 납치되는 엄마를 구하기 위해 달려가다 얼떨결에 우주선에 탑승해 화성으로 날아간다.
 도착하자마자 화성의 감옥에 갇힌 마일로는 괴짜박사 그리블의 도움으로 풀려나고 엄마를 구하기 위해 화성인들과 일생일대의 전쟁을 시작한다.",https://images.justwatch.com/poster/302969726/s592/mars-needs-moms,https://www.justwatch.com/images/backdrop/176206762/s1440/mars-needs-moms,['https://disneyplus.bn5x.net/c/1206980/705874/9358?u=https%3A%2F%2Fwww.disneyplus.com%2Fmovies%2Fmars-needs-moms%2F5kciHQqI5BSq&subId3=justappsvod'],['Disney Plus']
56,우리 가족 마법사: 극장판,,2009,71,6.2,19000,"['액션', '코미디', '드라마', '가족', '판타지', '애니메이션']",94,,,"항상 자신이 하는 일에는 엄마, 아빠가 꼭 반대를 한다고 생각하는 알렉스. 신나는 파티가 있던 어느 날 외출 금지에 마법 금지까지.. 알렉스는 이건 분명히 엄마의 계략이라고 생각한다. 오빠 저스틴은 언제나 알렉스 보다는 자신이 더 실력이 좋은 마법사라며 자신의 마법 능력을 뽐낸다. 모두 다 가족 여행을 가게 되었지만 알렉스는 별로 유쾌하지 않다. 엄마와 아빠는 휴양지에서 또 마법 금지령을 내리고 리조트에서 눈이 맞은 남자를 만나고 싶은 알렉스는 오빠 저스틴의 도움을 받아 엄마, 아빠에게 마법을 사용하려 한 순간 엄마에게 들키는 알렉스. 엄마는 알렉스에게 집에 가서도 일주일 동안 마법을 쓰지 못하게 하는 벌을 내리고, 참지 못한 알렉스는 자신의 마법의 지팡이를 이용하여 엄마, 아빠가 처음부터 아예 모르는 사람이었으면 좋겠다고 주문을 걸어 버린다. 하지만 이 마법은 이틀 내에 풀지 못하면 영원히 이대로 살아야 하는 치명적인 마법!",https://images.justwatch.com/poster/176302084/s592/wizards-of-waverly-place-the-movie,https://www.justwatch.com/images/backdrop/302607210/s1440/wizards-of-waverly-place-the-movie,['https://disneyplus.bn5x.net/c/1206980/705874/9358?u=https%3A%2F%2Fwww.disneyplus.com%2Fmovies%2Fwizards-of-waverly-place-the-movie%2F3m9jKEloDM7b&subId3=justappsvod'],['Disney Plus']
57,나일강에 잠겨 있는 피라미드,,2021,71,6.3,0,"['다큐멘터리', '역사']",44,,,물에 잠긴 수단의 쿠시 왕조 피라미드에 대한 고고학자들의 탐사를 다룬 다큐멘터리,https://images.justwatch.com/poster/266679876/s592/flooded-tombs-of-the-nile,https://www.justwatch.com/images/backdrop/249948876/s1440/flooded-tombs-of-the-nile,['https://disneyplus.bn5x.net/c/1206980/705874/9358?u=https%3A%2F%2Fwww.disneyplus.com%2Fmovies%2Fflooded-tombs-of-the-nile%2F1LeowBY6EaKD&subId3=justappsvod'],['Disney Plus']
58,Dian Fossey: Secrets in the Mist,1.0,2017,79,7.8,0,['다큐멘터리'],47,,3.0,,https://images.justwatch.com/poster/34367827/s592/시즌-1,https://www.justwatch.com/images/backdrop/34891390/s1440/시즌-1,['https://disneyplus.bn5x.net/c/1206980/705874/9358?u=https%3A%2F%2Fwww.disneyplus.com%2Fseries%2Fdian-fossey-secrets-in-the-mist%2FrTIYuDKy2ym6&subId3=justappsvod'],['Disney Plus']
59,나쁜 늑대,,1934,40,0.0,0,['애니메이션'],9,,,"＇빨간 모자 소녀＇와 늑대, 아기 돼지 삼형제의 이야기를 담은 애니메이션",https://images.justwatch.com/poster/303189633/s592/the-big-bad-wolf,https://www.justwatch.com/images/backdrop/303189636/s1440/the-big-bad-wolf,['https://disneyplus.bn5x.net/c/1206980/705874/9358?u=https%3A%2F%2Fwww.disneyplus.com%2Fmovies%2Fthe-big-bad-wolf%2F2qn769m27Rdh&subId3=justappsvod'],['Disney Plus']
60,The Prince and the Pauper,,1990,40,0.0,0,['코미디'],25,,,"Long ago in a land with an ailing king, there was a pair of boys who looked exactly alike, a pauper called Mickey and the other, the Crown Prince.",https://images.justwatch.com/poster/46507978/s592/the-prince-and-the-pauper,https://www.justwatch.com/images/backdrop/8799654/s1440/the-prince-and-the-pauper,['https://disneyplus.bn5x.net/c/1206980/705874/9358?u=https%3A%2F%2Fwww.disneyplus.com%2Fmovies%2Fthe-prince-and-the-pauper%2FAoDZ7v6aNSsK&subId3=justappsvod'],['Disney Plus']
61,꼬꼬 수호대,1.0,2021,34,5.5,0,"['애니메이션', '코미디', '가족']",14,,20.0,,https://images.justwatch.com/poster/243994018/s592/시즌-1,https://www.justwatch.com/images/backdrop/249408554/s1440/시즌-1,['https://disneyplus.bn5x.net/c/1206980/705874/9358?u=https%3A%2F%2Fwww.disneyplus.com%2Fseries%2Fchicken-squad%2F6ZQ0BTrzKJE6&subId3=justappsvod'],['Disney Plus']
62,원 맨 밴드,,2005,43,0.0,0,['코미디'],4,,,"한적한 도시의 광장에 어린 소녀가 분수에 동전을 넣기 위해 걸어온다. 소녀를 본 거리의 악사는 때를 기다렸다는 듯이 멋진 음악을 연주해서 소녀의 눈길을 끄는데 성공한다. 그러나 건너편에 또 다른 거리의 악사가 있었으니, 이제 소녀의 동전 한닢을 걸고 두 악사의 불꽃 튀는 경쟁이 시작되는데…",https://images.justwatch.com/poster/179598885/s592/weon-maen-baendeu,https://www.justwatch.com/images/backdrop/176376827/s1440/weon-maen-baendeu,['https://disneyplus.bn5x.net/c/1206980/705874/9358?u=https%3A%2F%2Fwww.disneyplus.com%2Fmovies%2Fone-man-band%2F1w7PzHfaZ2uX&subId3=justappsvod'],['Disney Plus']
63,마블 히어로 프로젝트,1.0,2019,75,6.8,0,"['다큐멘터리', 'Reality TV', '액션', 'SF']",26,,20.0,"Marvel’s Hero Project is set to premiere on November 12, 2019 and will be followed by new episodes every Friday.",https://images.justwatch.com/poster/156372275/s592/시즌-1,https://www.justwatch.com/images/backdrop/203718937/s1440/시즌-1,['https://disneyplus.bn5x.net/c/1206980/705874/9358?u=https%3A%2F%2Fwww.disneyplus.com%2Fseries%2Fmarvels-hero-project%2F3p4bzhPFnMqG&subId3=justappsvod'],['Disney Plus']
64,언제나 베프,1.0,2015,77,5.8,1000,"['코미디', 'SF', '가족']",24,,20.0,,https://images.justwatch.com/poster/197769884/s592/시즌-1,https://www.justwatch.com/images/backdrop/258685795/s1440/시즌-1,['https://disneyplus.bn5x.net/c/1206980/705874/9358?u=https%3A%2F%2Fwww.disneyplus.com%2Fseries%2Fbest-friends-whenever%2F5Wtw4lS4ptF8&subId3=justappsvod'],['Disney Plus']
65,언제나 베프,2.0,2016,77,5.8,1000,"['SF', '코미디', '가족']",25,,13.0,,https://images.justwatch.com/poster/197770694/s592/시즌-2,https://www.justwatch.com/images/backdrop/258685795/s1440/시즌-2,['https://disneyplus.bn5x.net/c/1206980/705874/9358?u=https%3A%2F%2Fwww.disneyplus.com%2Fseries%2Fbest-friends-whenever%2F5Wtw4lS4ptF8&subId3=justappsvod'],['Disney Plus']
66,룩소 2세,,1986,42,0.0,0,"['애니메이션', '코미디']",2,,,책상 위의 스탠드 룩소에게 어디선가 공이 데굴데굴 굴러온다. 룩소는 처음에는 신기하게 생각하지만 이내 그것이 룩소 2세의 장난임을 알게된다. 그리고 룩소 2세의 장난은 점점 심해지는데….,https://images.justwatch.com/poster/45339512/s592/rugso-2se,https://www.justwatch.com/images/backdrop/179471087/s1440/rugso-2se,['https://disneyplus.bn5x.net/c/1206980/705874/9358?u=https%3A%2F%2Fwww.disneyplus.com%2Fmovies%2Fluxo-jr%2F3jgf3x1CHkzS&subId3=justappsvod'],['Disney Plus']
67,쿠스코? 쿠스코! 2,,2005,39,0.0,0,"['코미디', '가족', '애니메이션']",75,,,"전편에서 막판에 이즈마를 배신하고, 정의의 편에 서서 쿠스코의 왕위 복귀를 도운 크롱크. 이제는 왕실 주방장을 그만두고 식당을 열었다. 동네 사람들 모두 음식솜씨 좋고 정많은 크롱크를 좋아하고, 크롱크에게는 단골 손님 뿐 아니라 친구들도 아주 많이 생겼다. 모든 것이 장밋빛인 듯 하지만, 한 장의 엽서가 도착하면서 크롱크의 모든 행복은 그 빛을 잃고 만다. 크롱크의 아버지가 크롱크를 보러 오겠다는 것이다. 크롱크의 아버지는 어린시절부터 크롱크에게 성공을 강조해왔으며, 자랑스럽게 여긴다는 말을 한번도 해준 적이 없다. 아버지가 생각하는 성공이란 언덕위의 집, 예쁜 아내, 귀여운 아이들이 있는 것이며, 크롱크는 이제껏 아버지에게 그런 생활을 하고 있다고 거짓말을 해왔다. 물론, 아버지가 도착해서 크롱크가 집도 없고 아내도, 아이도 없는, 그저그런 식당 주방장이란 사실을 알게 되면 무척이나 실망하실 것이다. 바로 이 때, 크롱크 앞에 이즈마가 다시 나타난다. 재기를 노리는 그녀는 시궁창 물을 “젊음의 약”으로 속여서 노인들에게 팔아, 그 돈으로 다시 한번 대권에 도전해 볼 생각이다. 아버지를 실망시키고 싶지 않은 크롱크는 이즈마의 계획에 가담하여 큰 돈을 벌게 되지만, 그 때문에 가깝게 지내던 노인들이 갈 곳을 잃자 양심의 가책을 느끼는데….",https://images.justwatch.com/poster/37223053/s592/kronks-new-groove,https://www.justwatch.com/images/backdrop/176708755/s1440/kronks-new-groove,['https://disneyplus.bn5x.net/c/1206980/705874/9358?u=https%3A%2F%2Fwww.disneyplus.com%2Fmovies%2Fkronks-new-groove%2F1EF5ZiSaEIyr&subId3=justappsvod'],['Disney Plus']
68,무서운 이야기 미키마우스 할로윈 파이 이야기,,2017,41,0.0,0,"['코미디', '공포']",22,,,"핼러윈 밤, 미키의 조카들은 미키에게 무서운 이야기를 해달라고 조른다. 하지만 미키의 이야기는 웃기고 유치하기만 하다. 급기야 조카들은 진짜 무서운 이야기를 해달라고 강요한다.",https://images.justwatch.com/poster/253515374/s592/the-scariest-story-ever-a-mickey-mouse-halloween-spooktacular,https://www.justwatch.com/images/backdrop/248092472/s1440/the-scariest-story-ever-a-mickey-mouse-halloween-spooktacular,['https://disneyplus.bn5x.net/c/1206980/705874/9358?u=https%3A%2F%2Fwww.disneyplus.com%2Fmovies%2Fthe-scariest-story-ever-a-mickey-mouse-halloween-spooktacular%2F25vhmCaZAGVq&subId3=justappsvod'],['Disney Plus']
69,리로이 & 스티치,,2006,40,0.0,0,"['애니메이션', '코미디', '가족']",73,,,"릴로, 스티치, 점바, 플레이클리는 마침내 점바의 모든 유전자 실험을 잡았고 각각이 속해 있는 진짜 장소를 찾아냈다. 스티치, 점바, 플레이클리는 은하 동맹의 자리를 제안받고, 릴로와 함께 지구에 머물 수 있도록 거절한다. 하지만 릴로는 그녀의 외계인 친구들이 그들이 있어야 할 곳을 가지고 있다는 것을 깨닫고 마침내 ""알로하""라고 말할 때가 되었다.",https://images.justwatch.com/poster/250338133/s592/leroy-and-stitch,https://www.justwatch.com/images/backdrop/304285701/s1440/leroy-and-stitch,['https://disneyplus.bn5x.net/c/1206980/705874/9358?u=https%3A%2F%2Fwww.disneyplus.com%2Fmovies%2Fleroy-stitch%2F3i4WpstYcmcd&subId3=justappsvod'],['Disney Plus']
70,최고의 두바이 공항,1.0,2013,82,7.4,0,"['다큐멘터리', 'Made in Europe']",47,,10.0,,https://images.justwatch.com/poster/205757314/s592/시즌-1,https://www.justwatch.com/images/backdrop/205757320/s1440/시즌-1,['https://disneyplus.bn5x.net/c/1206980/705874/9358?u=https%3A%2F%2Fwww.disneyplus.com%2Fseries%2Fultimate-airport-dubai%2F3DWax7g5hACM&subId3=justappsvod'],['Disney Plus']
71,최고의 두바이 공항,2.0,2014,82,7.4,0,"['다큐멘터리', 'Made in Europe']",44,,10.0,,https://images.justwatch.com/poster/205757317/s592/시즌-2,https://www.justwatch.com/images/backdrop/205757320/s1440/시즌-2,['https://disneyplus.bn5x.net/c/1206980/705874/9358?u=https%3A%2F%2Fwww.disneyplus.com%2Fseries%2Fultimate-airport-dubai%2F3DWax7g5hACM&subId3=justappsvod'],['Disney Plus']
72,최고의 두바이 공항,3.0,2015,82,7.4,0,"['다큐멘터리', 'Made in Europe']",44,,10.0,,https://images.justwatch.com/poster/205757315/s592/시즌-3,https://www.justwatch.com/images/backdrop/205757320/s1440/시즌-3,['https://disneyplus.bn5x.net/c/1206980/705874/9358?u=https%3A%2F%2Fwww.disneyplus.com%2Fseries%2Fultimate-airport-dubai%2F3DWax7g5hACM&subId3=justappsvod'],['Disney Plus']
73,마블: 슈퍼히어로 군단의 비밀,,2014,78,7.3,1000,"['다큐멘터리', '역사']",43,,,"마블 시네마틱 유니버스를 깊숙이 조명하는 다큐멘터리. 마블 스튜디오의 설립, 흥행 기록을 갈아치운 영화들, 마블이 일으킨 문화 현상, 마블 TV를 통한 유니버스의 확장에 이르기까지 다양한 이야기들이 담겨 있다. 마블의 첫 TV 스페셜인 이 작품은 모든 마블 영화, 마블 원쇼트, 마블의 ‘에이전트 오브 쉴드’의 독점 인터뷰와 비하인드 스토리 영상을 만날 수 있다. 또한 ‘에이전트 오브 쉴드’의 미래와 ‘캡틴 아메리카: 윈터 솔져’, ‘가디언즈 오브 갤럭시’, ‘어벤져스: 에이지 오브 울트론’ 등 마블 히트작들의 비하인드 스토리 영상도 만나볼 수 있다.",https://images.justwatch.com/poster/206070650/s592/mabeul-syupeohieoro-gundanyi-bimil,https://www.justwatch.com/images/backdrop/185608669/s1440/mabeul-syupeohieoro-gundanyi-bimil,['https://disneyplus.bn5x.net/c/1206980/705874/9358?u=https%3A%2F%2Fwww.disneyplus.com%2Fmovies%2Fmarvel-studios-assembling-a-universe%2F4kxDGh0k1BmW&subId3=justappsvod'],['Disney Plus']
74,장식품,,1989,42,0.0,0,['코미디'],4,,,"이글루 모양의 유리공 속에 갇혀있는 눈사람 닉은 예쁜 인형 아가씨를 만나기 위해서 탈출을 계획한다. 그러나 닉의 노력에도 불구하고 탈출은 그리 만만치 않고, 결국 유리공과 함께 책상 아래로 떨어지는 최후의 탈출을 감행한다.",https://images.justwatch.com/poster/175301503/s592/jangsigpum,https://www.justwatch.com/images/backdrop/192638184/s1440/jangsigpum,['https://disneyplus.bn5x.net/c/1206980/705874/9358?u=https%3A%2F%2Fwww.disneyplus.com%2Fmovies%2Fknick-knack-theatrical-short%2F2JuOlITgHs4J&subId3=justappsvod'],['Disney Plus']
75,"스물, 한 살",,2021,43,0.0,0,"['코미디', '드라마', '애니메이션']",7,,,성인이 되는 건 힘든 일이다. 하루는  잘 되다 가도 어떤 날은 어른 흉내 내는 어린아이들이 되어 코트 속에 자신을 감추고 들키지 않으려 조마조마 한다. 지아도 21살 생일에 이와 같은 상황에 처하고 만다. 이 이야기는 어른이 되는 과정에서 겪는 불확실함들을 보여주며 우리 모두 어른이 되기 위해 연기하는 것뿐임을 말해준다.,https://images.justwatch.com/poster/250897963/s592/seumul-han-sal,https://www.justwatch.com/images/backdrop/250897967/s1440/seumul-han-sal,['https://disneyplus.bn5x.net/c/1206980/705874/9358?u=https%3A%2F%2Fwww.disneyplus.com%2Fmovies%2Ftwenty-something%2FpJHrtbXeWNEQ&subId3=justappsvod'],['Disney Plus']
76,와일드 하와이,1.0,2014,85,7.0,0,['다큐멘터리'],44,,2.0,,https://images.justwatch.com/poster/206869502/s592/시즌-1,https://www.justwatch.com/images/backdrop/206869528/s1440/시즌-1,['https://disneyplus.bn5x.net/c/1206980/705874/9358?u=https%3A%2F%2Fwww.disneyplus.com%2Fseries%2Fwild-hawaii%2Fayo3KRejl5id&subId3=justappsvod'],['Disney Plus']
77,울프강: 열정을 요리하다,,2021,77,6.9,0,['다큐멘터리'],78,,,어려웠던 어린 시절을 이겨내고 세계적인 요리사이자 식당 경영자로 성공한 셰프 울프강의 인생사와 그의 음식 이야기,https://images.justwatch.com/poster/245600563/s592/wolfgang,https://www.justwatch.com/images/backdrop/247211341/s1440/wolfgang,['https://disneyplus.bn5x.net/c/1206980/705874/9358?u=https%3A%2F%2Fwww.disneyplus.com%2Fmovies%2Fwolfgang%2F58NeuF4sbCGL&subId3=justappsvod'],['Disney Plus']
78,Pete's Dragon,,1977,71,6.3,25000,"['판타지', '애니메이션', '코미디', '가족']",134,,,"Pete, a young orphan, runs away to a Maine fishing town with his best friend a lovable, sometimes invisible dragon named Elliott! When they are taken in by a kind lighthouse keeper, Nora, and her father, Elliott's prank playing lands them in big trouble. Then, when crooked salesmen try to capture Elliott for their own gain, Pete must attempt a daring rescue.",https://images.justwatch.com/poster/181649594/s592/petes-dragon,https://www.justwatch.com/images/backdrop/302972015/s1440/petes-dragon,['https://disneyplus.bn5x.net/c/1206980/705874/9358?u=https%3A%2F%2Fwww.disneyplus.com%2Fmovies%2Fpetes-dragon%2F6QY3Yg4hO1QO&subId3=justappsvod'],['Disney Plus']
79,스노우 독스,,2002,61,5.2,27000,"['코미디', '가족', '스포츠']",99,,,"마이애미의 치과의사인 테드(쿠바 구딩 주니어 분)는 아침이면 바다를 끼고 조깅을 하고 햇살이 좋을 때는 해변에서 미녀들의 비키니를 구경하는 재미로 산다. 그런 그에게 한 통의 소환장이 날아든다. 알래스카의 어느 여인이 그에게 유언장을 남겼다는 것이 아닌가! 알고 봤더니 그 여인은 테드의 친 어머니! 그렇다면 테드는 입양아?!
 생모가 남겼다는 가장 소중한 유산을 상속받기 위해 알래스카까지 날아간 테드. 유산은 다름 아닌 개 여덟마리? 그것도 테드를 “개”무시하는 썰매개들이라니! 이 사나운 알래스카 개들을 데리고 마이애미로 갈수도 없고, 한참 난감해하는 테드 앞에 괴팍하고 꼬장꼬장한 노인 썬더 잭(제임스 코번)이 나타난다. 그는 테드에게 대뜸 개 썰매의 선두견인 디몬을 팔라고 한다. 한편 이를 강력하게 가로막는 미모의 여인 바브(조애나 바칼소)가 있으니..테드는 그녀로부터 친 어머니가 개 썰매에 대한 열정이 얼마나 대단했는지 듣게된다.  테드는 곧 있을 개 썰매 시합에 대비하여 본격적인 훈련에 들어간다. 그러나 이방인에게 결코 우호적이지 않은 개들이 텃새를 부리면서 테드에게 개망신을 주기 시작한다. 게다가 자신의 친 아버지의 비밀을 알고 있을 듯한 썬더 잭마저 테드에게 이만저만 거칠게 대하는 것이 아니다. 모든 집착을 떨쳐버리기로 마음먹은 테드는 마음에 들기 시작한 바브를 두고 마이애미로 돌아온다. 그러나 TV에서 중계하는 개 썰매 경주를 보던 테드는 썬더 잭이 자신에게 거짓말을 했다는 사실을 깨닫고 다시 알래스카로 달려가는데...!",https://images.justwatch.com/poster/52148754/s592/snow-dogs,https://www.justwatch.com/images/backdrop/205244049/s1440/snow-dogs,['https://disneyplus.bn5x.net/c/1206980/705874/9358?u=https%3A%2F%2Fwww.disneyplus.com%2Fmovies%2Fsnow-dogs%2F3NB69uJRfTil&subId3=justappsvod'],['Disney Plus']
80,동물원의 비밀: 탬파,1.0,2020,98,8.7,0,"['다큐멘터리', '가족']",44,,6.0,,https://images.justwatch.com/poster/207103085/s592/시즌-1,https://www.justwatch.com/images/backdrop/304472001/s1440/시즌-1,[],[]
81,동물원의 비밀: 탬파,2.0,2020,98,8.7,0,"['다큐멘터리', '가족']",44,,6.0,,https://images.justwatch.com/poster/303448734/s592/시즌-2,https://www.justwatch.com/images/backdrop/304472001/s1440/시즌-2,['https://disneyplus.bn5x.net/c/1206980/705874/9358?u=https%3A%2F%2Fwww.disneyplus.com%2Fseries%2Fsecrets-of-the-zoo-tampa%2F5nmSNpaEebhx&subId3=justappsvod'],['Disney Plus']
82,동물원의 비밀: 탬파,3.0,2022,98,8.7,0,"['다큐멘터리', '가족']",44,,12.0,,https://images.justwatch.com/poster/303448735/s592/시즌-3,https://www.justwatch.com/images/backdrop/304472001/s1440/시즌-3,['https://disneyplus.bn5x.net/c/1206980/705874/9358?u=https%3A%2F%2Fwww.disneyplus.com%2Fseries%2Fsecrets-of-the-zoo-tampa%2F5nmSNpaEebhx&subId3=justappsvod'],['Disney Plus']
83,동물원의 비밀: 탬파,4.0,2023,98,8.7,0,"['다큐멘터리', '가족']",44,,13.0,,https://images.justwatch.com/poster/303448740/s592/시즌-4,https://www.justwatch.com/images/backdrop/304472001/s1440/시즌-4,[],[]
84,Smart Guy,1.0,1997,83,7.4,5000,"['코미디', '드라마', '가족']",30,,7.0,,https://images.justwatch.com/poster/207040825/s592/시즌-1,https://www.justwatch.com/images/backdrop/495409/s1440/시즌-1,['https://disneyplus.bn5x.net/c/1206980/705874/9358?u=https%3A%2F%2Fwww.disneyplus.com%2Fseries%2Fsmart-guy%2F3Prt5Ui4EWtg&subId3=justappsvod'],['Disney Plus']
85,Smart Guy,2.0,1997,83,7.4,5000,"['드라마', '코미디', '가족']",29,,20.0,,https://images.justwatch.com/poster/207040818/s592/시즌-2,https://www.justwatch.com/images/backdrop/495409/s1440/시즌-2,[],[]
86,Smart Guy,3.0,1998,83,7.4,5000,"['드라마', '코미디', '가족']",30,,20.0,,https://images.justwatch.com/poster/207040750/s592/시즌-3,https://www.justwatch.com/images/backdrop/495409/s1440/시즌-3,[],[]
87,팅커벨 2: 팅커벨과 잃어버린 보물,,2009,42,0.0,0,"['애니메이션', '판타지']",77,,,"팅커벨과 요정들이 살고 있는 픽시 할로우 마을에 가을이 찾아온다. 가을 추수 때가 되면 그 계절의 신비로움은 절정에 달하는데, 올해 픽시 할로우에는 신비로운 푸른 보름달이 뜰 예정이다. 픽시 할로우 마을의 최고 재주꾼이 된 팅커벨에게 클래리언 여왕은 가을 축제에 푸른 보름달을 맞이할 새로운 가을 홀을 만들 것을 주문한다. 홀이란 바로 월장석을 얹어 놓을 수 있는 성스러운 지지대.",https://images.justwatch.com/poster/178097343/s592/tinker-bell-and-the-lost-treasure,https://www.justwatch.com/images/backdrop/289401069/s1440/tinker-bell-and-the-lost-treasure,['https://disneyplus.bn5x.net/c/1206980/705874/9358?u=https%3A%2F%2Fwww.disneyplus.com%2Fmovies%2Ftinker-bell-and-the-lost-treasure%2F30nLKMf5u48q&subId3=justappsvod'],['Disney Plus']
88,포카혼타스 2,,1998,35,0.0,0,['애니메이션'],72,,,"제임스 타운의 방문을 마치고 영국으로 돌아간 존 스미스는 래트클리프의 음모에 빠져 실종된다. 방해자를 없앤 래트클리프는 인디언의 땅에 군대를 파견하자고 영국 국왕을 설득하지만, 제임스 왕은 먼저 인디언 추장을 만나 보겠다며 존 랄프를 단장으로 하는 새로운 선단을 파견한다. 존 랄프는 포화탄족의 추장에게 평화사절로 영국 국왕을 만나러 가지고 설득하지만, 인디언들은 추장에 여행을 떠나야할 필요를 느끼지 못했고, 결국 포카혼타스가 영국에 가기로 결정한다. 충직하고 힘센 우티와 귀여운 너구리 미코, 강아지 퍼키, 파랑새 플리도 몰래 배에 오른다. 마침내 도착한 런던, 포카혼타스의 눈에는 모든것이 새롭고 신기하다. 국왕으로 부터 무도회에 초대받은 포카혼타스는 존의 집에서 숙녀로 변신하기위해서 부산을 떤다. 그러는 사이 둘에게는 묘한 감정이 싹트기 시작한다. 드디어 무도회 날. 국왕의 질문에 포카혼타스가 슬기롭게 답변하자 왕은 매우 기뻐한다. 하지만, 저녁식사의 구경거리로 야만적인 행동을 보고 포카혼타스는 왕에게 강력히 항의하다가 감옥에 갇히는 신세가 되고 만다. 그런데, 죽음을 기다리고 있던 포카혼타스의 눈 앞에 기적처럼 존 랄프가 나타난다. 가까스로 탈출하게 되지만, 그녀는 다시 국왕을 찾아간다. 이대로 도망친다면 자신의 부족이 위태로와질 것이기 때문이었다. 영국의원들이 소스라치게 놀란 가운데 법정에 도착한 포카혼타스는 래트클리프이 음모를 밝히고 군대 파견을 중지해 줄 것을 요청한다. 결국 왕도 이에 수긍하지만, 래트클리프와 그의 선단은 이미 항구를 떠난 상태. 포카혼타스 일행은 이들을 저지하기 위해 마지막 결전을 벌인다.",https://images.justwatch.com/poster/254416343/s592/pokahontaseu-2-sesang-baggeuro,https://www.justwatch.com/images/backdrop/175336256/s1440/pokahontaseu-2-sesang-baggeuro,['https://disneyplus.bn5x.net/c/1206980/705874/9358?u=https%3A%2F%2Fwww.disneyplus.com%2Fmovies%2Fpocahontas-ii-journey-to-a-new-world%2F2vSFkkgsVKrG&subId3=justappsvod'],['Disney Plus']
89,올드 독스,,2009,66,6.4,0,"['코미디', '범죄', '드라마', '가족']",88,,,"결혼하지 않고 하루하루를 즐기며 살아가는 찰리와 사랑에 실패한 경험을 가지고 있는 이혼남 댄은 둘도 없는 친구이자, 사업파트너로 일본회사와의 중요한 비즈니스를 진행 중이다. 그러던 어느 날, 7년 만에 고향에 돌아온 댄의 전부인 빅키가 댄에게, 그녀와 댄 사이에 7살 된 쌍둥이 남매 재크와 에밀리가 있음을 밝힌다. 빅키가 사회운동 문제로 2주간 감옥에 가게 된 사연을 듣게 된 댄은 자기가 그동안 두 아이를 돌보겠다고 이야기한다. 하지만 댄이 사는 빌라에는 어린이의 입주가 금지되어있어, 댄과 아이들은 찰리의 집에서 동거에 들어간다. 이 갑작스러운 공동생활로 각가지 소동이 잇따르는 가운데, 찰리와 댄은 인생에서 진짜로 중요한 것이 무엇인지를 깨달아가는데…",https://images.justwatch.com/poster/244646636/s592/old-dogs,https://www.justwatch.com/images/backdrop/198326873/s1440/old-dogs,['https://disneyplus.bn5x.net/c/1206980/705874/9358?u=https%3A%2F%2Fwww.disneyplus.com%2Fmovies%2Fold-dogs%2F2ImhPpnRjvNd&subId3=justappsvod'],['Disney Plus']
90,와일드 아르헨티나,1.0,2017,44,8.0,0,['다큐멘터리'],52,,3.0,,https://images.justwatch.com/poster/249679981/s592/시즌-1,https://www.justwatch.com/images/backdrop/249679982/s1440/시즌-1,['https://disneyplus.bn5x.net/c/1206980/705874/9358?u=https%3A%2F%2Fwww.disneyplus.com%2Fseries%2Fwild-argentina%2F4KL7Zk8hVxW6&subId3=justappsvod'],['Disney Plus']
91,Take Two with Phineas and Ferb,1.0,2010,76,6.2,0,"['애니메이션', '코미디', '가족']",5,,10.0,,https://images.justwatch.com/poster/180072759/s592/시즌-1,https://www.justwatch.com/images/backdrop/200870091/s1440/시즌-1,['https://disneyplus.bn5x.net/c/1206980/705874/9358?u=https%3A%2F%2Fwww.disneyplus.com%2Fseries%2Ftake-two-with-phineas-and-ferb-shorts%2F7RQvP5nuXLgG&subId3=justappsvod'],['Disney Plus']
92,Take Two with Phineas and Ferb,2.0,2011,76,6.2,0,"['코미디', '가족', '애니메이션']",5,,10.0,,https://images.justwatch.com/poster/180072759/s592/시즌-2,https://www.justwatch.com/images/backdrop/200870091/s1440/시즌-2,[],[]
93,디즈니의 평범한 하루 (쇼츠),1.0,2019,81,7.3,0,['다큐멘터리'],6,,20.0,,https://images.justwatch.com/poster/146471818/s592/시즌-1,https://www.justwatch.com/images/backdrop/158595080/s1440/시즌-1,['https://disneyplus.bn5x.net/c/1206980/705874/9358?u=https%3A%2F%2Fwww.disneyplus.com%2Fseries%2Fone-day-at-disney-shorts%2F5c8oxYnLMh9l&subId3=justappsvod'],['Disney Plus']
94,101 달마시안 스트리트,1.0,2019,74,6.0,0,"['애니메이션', '코미디', '가족']",17,,20.0,,https://images.justwatch.com/poster/131894088/s592/시즌-1,https://www.justwatch.com/images/backdrop/239935268/s1440/시즌-1,['https://disneyplus.bn5x.net/c/1206980/705874/9358?u=https%3A%2F%2Fwww.disneyplus.com%2Fseries%2F101-dalmatian-street%2F4FuQufaZQMGH&subId3=justappsvod'],['Disney Plus']
95,Nazi Megastructures: Russia's War,1.0,2018,74,8.0,0,"['다큐멘터리', '전쟁', '역사']",44,,3.0,,https://images.justwatch.com/poster/162518745/s592/시즌-1,https://www.justwatch.com/images/backdrop/243850345/s1440/시즌-1,['https://disneyplus.bn5x.net/c/1206980/705874/9358?u=https%3A%2F%2Fwww.disneyplus.com%2Fseries%2Fnazi-megastructures-russias-war%2F1jGBERTPJrjy&subId3=justappsvod'],['Disney Plus']
96,The Wonderful Spring of Mickey Mouse,,2022,43,0.0,0,"['애니메이션', '코미디', '액션']",22,,,미키 마우스와 그의 친구들은 독특한 자연 다큐멘터리의 렌즈를 통하여 봄의 약속에 대해 탐험합니다.,https://images.justwatch.com/poster/268785096/s592/the-wonderful-spring-of-mickey-mouse,https://www.justwatch.com/images/backdrop/268625489/s1440/the-wonderful-spring-of-mickey-mouse,['https://disneyplus.bn5x.net/c/1206980/705874/9358?u=https%3A%2F%2Fwww.disneyplus.com%2Fmovies%2Fthe-wonderful-spring-of-mickey-mouse%2F3mU9gmwEKpOI&subId3=justappsvod'],['Disney Plus']
97,아발론 하이,,2011,65,5.6,6000,"['판타지', '드라마', '가족']",91,,,"Disney Channel's production of Julie Sherman Wolfe's screenplay adaptation of the popular novel Avalon High by Meg Cabot. Elaine ""Ellie"" Harrison has just moved from Minnesota to Annapolis, Maryland while her parents take a year long sabbatical to continue their medieval studies in nearby DC. Her new high school, Avalon High, seems like a typical high school with the stereotypical students: Lance the jock, Jennifer the cheerleader, Marco, the bad boy/desperado, and Will, the senior class president, quarterback, and all around good guy. But not everyone at Avalon High is who they appear to be, not even Ellie herself. Eventually, it becomes apparent that Avalon High is a situation where the ancient Arthurian legend is repeating itself. Will, Jennifer, Lance, Marco, and Mr. Morton all correspond to King Arthur, Queen Guinevere, Knight Lancelot, Mordred, and Merlin, respectively.",https://images.justwatch.com/poster/304399813/s592/avalon-high,https://www.justwatch.com/images/backdrop/302607419/s1440/avalon-high,['https://disneyplus.bn5x.net/c/1206980/705874/9358?u=https%3A%2F%2Fwww.disneyplus.com%2Fmovies%2Favalon-high%2F313SmUQqve9E&subId3=justappsvod'],['Disney Plus']
98,아프리카의 암살자,1.0,2017,98,8.6,0,['다큐멘터리'],48,,6.0,"Welcome to Zambia's Luangwa Valley, where large carnivores like leopards, lions, and hyenas are in constant competition for their next meal. In the heart of Luangwa National Park, this ferocity manifests itself in stolen kills, intimidation, and even cub-snatching. Join us as we shine a light on the round-the-clock challenges of some of Africa's fiercest predators.",https://images.justwatch.com/poster/259487164/s592/시즌-1,https://www.justwatch.com/images/backdrop/259371704/s1440/시즌-1,[],[]
99,아프리카의 암살자,2.0,2018,98,8.6,0,['다큐멘터리'],45,,6.0,"Welcome to Zambia's Luangwa Valley, where large carnivores like leopards, lions, and hyenas are in constant competition for their next meal. In the heart of Luangwa National Park, this ferocity manifests itself in stolen kills, intimidation, and even cub-snatching. Join us as we shine a light on the round-the-clock challenges of some of Africa's fiercest predators.",https://images.justwatch.com/poster/259371702/s592/시즌-2,https://www.justwatch.com/images/backdrop/259371704/s1440/시즌-2,['https://disneyplus.bn5x.net/c/1206980/705874/9358?u=https%3A%2F%2Fwww.disneyplus.com%2Fseries%2Fafricas-hunters%2F1lK4vj8Ozx7M&subId3=justappsvod'],['Disney Plus']
100,아프리카의 암살자,3.0,2018,98,8.6,0,['다큐멘터리'],48,,6.0,"Zambia's extraordinary Luangwa Valley is the perfect hunting ground for some of Africa's most iconic predators. Prides of lions, packs of wild dogs, clans of hyenas and solitary leopards vie for the upper hand in a land where the dry season brings prey to their doorsteps.",https://images.justwatch.com/poster/259487164/s592/시즌-3,https://www.justwatch.com/images/backdrop/259371704/s1440/시즌-3,['https://disneyplus.bn5x.net/c/1206980/705874/9358?u=https%3A%2F%2Fwww.disneyplus.com%2Fseries%2Fafricas-hunters%2F1lK4vj8Ozx7M&subId3=justappsvod'],['Disney Plus']
101,늑대의 제국,1.0,2019,93,8.0,0,['다큐멘터리'],44,,3.0,,https://images.justwatch.com/poster/206469288/s592/시즌-1,https://www.justwatch.com/images/backdrop/145575035/s1440/시즌-1,['https://disneyplus.bn5x.net/c/1206980/705874/9358?u=https%3A%2F%2Fwww.disneyplus.com%2Fseries%2Fkingdom-of-the-white-wolf%2F2hwCl2jZH1E4&subId3=justappsvod'],['Disney Plus']
102,"히틀러, 악의 탄생",1.0,2018,40,0.0,0,['다큐멘터리'],45,,2.0,,https://images.justwatch.com/poster/242711756/s592/시즌-1,https://www.justwatch.com/images/backdrop/242711759/s1440/시즌-1,['https://disneyplus.bn5x.net/c/1206980/705874/9358?u=https%3A%2F%2Fwww.disneyplus.com%2Fseries%2Fhitler-youth%2F1duCsa4QTj25&subId3=justappsvod'],['Disney Plus']
103,파티공룡 렉스,,2012,42,0.0,0,"['가족', '애니메이션', '코미디', '판타지']",7,,,"When Rex finds himself left behind in the bathroom, he puts his limbs to use by getting a bath going for a bunch of new toy friends.",https://images.justwatch.com/poster/247885239/s592/patigongryong-regseu,https://www.justwatch.com/images/backdrop/300756622/s1440/patigongryong-regseu,['https://disneyplus.bn5x.net/c/1206980/705874/9358?u=https%3A%2F%2Fwww.disneyplus.com%2Fmovies%2Ftoy-story-toons-partysaurus-rex%2FzvtcNx6hBVrz&subId3=justappsvod'],['Disney Plus']
104,데스티노,,2003,42,0.0,0,"['음악', '가족', '애니메이션']",7,,,"Short film to a song of love lost and rediscovered, a woman sees and undergoes surreal transformations. Her lover's face melts off, she dons a dress from the shadow of a bell and becomes a dandelion, ants crawl out of a hand and become Frenchmen riding bicycles. Not to mention the turtles with faces on their backs that collide to form a ballerina, or the bizarre baseball game.",https://images.justwatch.com/poster/10398437/s592/deseutino,https://www.justwatch.com/images/backdrop/179502539/s1440/deseutino,['https://disneyplus.bn5x.net/c/1206980/705874/9358?u=https%3A%2F%2Fwww.disneyplus.com%2Fmovies%2Fdestino%2FYBxOnjQgX0XP&subId3=justappsvod'],['Disney Plus']
105,Chip an' Dale,,1947,39,0.0,0,"['가족', '애니메이션']",7,,,"Donald needs a log for his fire. Unfortunately, the one he picks is occupied by a couple of chipmunks and their stash of acorns. When he cuts it down, Chip and Dale fall out, but their acorns stay behind, so they work at putting out Donald's fire and retrieving their stash. Donald, of course, takes this as calmly and cheerfully as you would expect.",https://images.justwatch.com/poster/248926623/s592/chip-an-dale,https://www.justwatch.com/images/backdrop/210627082/s1440/chip-an-dale,['https://disneyplus.bn5x.net/c/1206980/705874/9358?u=https%3A%2F%2Fwww.disneyplus.com%2Fmovies%2Fchip-an-dale%2F5eSZRj5wMaTi&subId3=justappsvod'],['Disney Plus']
106,그 여름의 하와이,,1937,38,0.0,0,['코미디'],8,,,미키와 친구들이 훌라 댄스와 해변을 통해 하와이를 경험한다.,https://images.justwatch.com/poster/239840922/s592/hawaiian-holiday,https://www.justwatch.com/images/backdrop/208430920/s1440/hawaiian-holiday,['https://disneyplus.bn5x.net/c/1206980/705874/9358?u=https%3A%2F%2Fwww.disneyplus.com%2Fmovies%2Fhawaiian-holiday%2FV7bFPKqKQpQJ&subId3=justappsvod'],['Disney Plus']
107,아프리카의 맹수,1.0,2011,75,6.9,0,['다큐멘터리'],50,,3.0,,https://images.justwatch.com/poster/266634771/s592/시즌-1,https://www.justwatch.com/images/backdrop/258681671/s1440/시즌-1,[],[]
108,아프리카의 맹수,2.0,2015,75,6.9,0,['다큐멘터리'],43,,3.0,,https://images.justwatch.com/poster/266634771/s592/시즌-2,https://www.justwatch.com/images/backdrop/258681671/s1440/시즌-2,[],[]
109,아프리카의 맹수,3.0,2016,75,6.9,0,['다큐멘터리'],46,,4.0,,https://images.justwatch.com/poster/266634771/s592/시즌-3,https://www.justwatch.com/images/backdrop/258681671/s1440/시즌-3,[],[]
110,아프리카의 맹수,4.0,2017,75,6.9,0,['다큐멘터리'],43,,6.0,,https://images.justwatch.com/poster/256747961/s592/시즌-4,https://www.justwatch.com/images/backdrop/258681671/s1440/시즌-4,['https://disneyplus.bn5x.net/c/1206980/705874/9358?u=https%3A%2F%2Fwww.disneyplus.com%2Fseries%2Fafricas-deadliest%2FmA0me8AeXezf&subId3=justappsvod'],['Disney Plus']
111,아프리카의 맹수,5.0,2019,75,6.9,0,['다큐멘터리'],44,,3.0,,https://images.justwatch.com/poster/266634771/s592/시즌-5,https://www.justwatch.com/images/backdrop/258681671/s1440/시즌-5,[],[]
112,아프리카의 맹수,6.0,2020,75,7.0,0,['다큐멘터리'],45,,3.0,,https://images.justwatch.com/poster/266634771/s592/시즌-6,https://www.justwatch.com/images/backdrop/258681671/s1440/시즌-6,[],[]
113,아프리카의 맹수,7.0,2021,75,6.9,0,['다큐멘터리'],44,,3.0,,https://images.justwatch.com/poster/266634771/s592/시즌-7,https://www.justwatch.com/images/backdrop/258681671/s1440/시즌-7,['https://disneyplus.bn5x.net/c/1206980/705874/9358?u=https%3A%2F%2Fwww.disneyplus.com%2Fseries%2Fafricas-deadliest%2FmA0me8AeXezf&subId3=justappsvod'],['Disney Plus']
114,신데렐라 3,,2007,40,0.0,0,"['애니메이션', '로맨스', '가족', '판타지']",74,,,"신데렐라는 왕자님과 결혼 후 꿈같이 행복한 시간을 보낸다. 한편 심술쟁이 언니들은 신데렐라 대신 집안 일을 하면서 오늘도 신세 한탄에 여념이 없다. 그러던 어느날 신데렐라와 왕자님의 결혼 1주년을 맞이해서 요정 할머니가 숲 속에서 축하 파티를 열어준다. 그런데 우연히 신데렐라와 왕자님을 따라왔던 언니 아나스타샤가 파티를 몰래 훔쳐보게 된다. 그리고 아나스타샤는 신데렐라가 요정 할머니의 마법 덕분에 왕자님을 만났다는 사실을 알게 되고, 얼떨결에 할머니가 떨어뜨린 마술 지팡이를 가지고 부랴부랴 집으로 향하는데...",https://images.justwatch.com/poster/11095151/s592/cinderella-iii-a-twist-in-time,https://www.justwatch.com/images/backdrop/305122485/s1440/cinderella-iii-a-twist-in-time,['https://disneyplus.bn5x.net/c/1206980/705874/9358?u=https%3A%2F%2Fwww.disneyplus.com%2Fmovies%2Fcinderella-iii-a-twist-in-time%2F6ePDdHBbOrGF&subId3=justappsvod'],['Disney Plus']
115,기묘한 금요일,,2018,53,3.8,1000,"['가족', '판타지', '코미디']",90,,,"몸이 뒤바뀐 엄마와 딸의 이야기를 다룬 디즈니의 톡톡 튀는 뮤지컬 코미디. 제멋대로인 16살 딸과 힘에 부치는 엄마 캐서린은 서로 입장을 바꿔 생각할 수 있게 해달라는 소원을 빈다. 하지만 마법처럼 엄마와 딸의 몸이 뒤바뀐 지금, 더 늦기 전에 원래대로 되돌려 놔야 한다!",https://images.justwatch.com/poster/94245207/s592/peuriki-peuraidei,https://www.justwatch.com/images/backdrop/240814257/s1440/peuriki-peuraidei,['https://disneyplus.bn5x.net/c/1206980/705874/9358?u=https%3A%2F%2Fwww.disneyplus.com%2Fmovies%2Ffreaky-friday%2F5N17rjR0wml6&subId3=justappsvod'],['Disney Plus']
116,라 루나,,2012,46,0.0,0,"['애니메이션', '다큐멘터리']",7,,,"어린 소년은 가장 특이한 상황에 처해 있습니다. 오늘 밤 그의 아빠와 할아버지가 그를 데리고 가기 시작했습니다. 오래된 나무로 된 배에서 그들은 바다에 멀리 뻗어 있으며 시야가없는 곳에서 멈추고 기다립니다. 그가 가족의 가장 특이한 작업 라인을 발견 할 때 큰 놀라움이 그 아이를 기다리고 있습니다. 그가 아빠 나 할아버지의 모범을 따라야할까요? 상반된 견해와 낡아 빠진 전통 속에서 자신의 길을 발견 할 수 있을까요?
 (구글번역)",https://images.justwatch.com/poster/11968667/s592/ra-runa,https://www.justwatch.com/images/backdrop/290958959/s1440/ra-runa,['https://disneyplus.bn5x.net/c/1206980/705874/9358?u=https%3A%2F%2Fwww.disneyplus.com%2Fmovies%2Fla-luna%2F372ZAYaXo1xh&subId3=justappsvod'],['Disney Plus']
117,제니메이션,1.0,2020,81,7.5,0,"['SF', '가족', '애니메이션']",9,,11.0,,https://images.justwatch.com/poster/182583635/s592/시즌-1,https://www.justwatch.com/images/backdrop/182583640/s1440/시즌-1,['https://disneyplus.bn5x.net/c/1206980/705874/9358?u=https%3A%2F%2Fwww.disneyplus.com%2Fseries%2Fzenimation%2F6hSv4CBT2Q3N&subId3=justappsvod'],['Disney Plus']
118,제니메이션,2.0,2021,81,7.5,0,"['SF', '애니메이션', '가족']",11,,8.0,,https://images.justwatch.com/poster/246726458/s592/시즌-2,https://www.justwatch.com/images/backdrop/182583640/s1440/시즌-2,['https://disneyplus.bn5x.net/c/1206980/705874/9358?u=https%3A%2F%2Fwww.disneyplus.com%2Fseries%2Fzenimation%2F6hSv4CBT2Q3N&subId3=justappsvod'],['Disney Plus']
119,Eye Wonder,1.0,2021,15,0.0,0,['Reality TV'],11,,13.0,,https://images.justwatch.com/poster/268046074/s592/시즌-1,https://www.justwatch.com/images/backdrop/268046076/s1440/시즌-1,['https://disneyplus.bn5x.net/c/1206980/705874/9358?u=https%3A%2F%2Fwww.disneyplus.com%2Fseries%2Feye-wonder%2F2FbEaCWFlDFG&subId3=justappsvod'],['Disney Plus']
120,스노우 버디즈,,2008,37,0.0,0,"['가족', '액션']",87,,,디즈니의 사랑스러운 말하는 강아지들이 갑자기 알래스카에 떨어지게 된다. 집에 돌아갈 방법은 개 썰매 대회에 나가는 것뿐이다. 새로운 친구들의 도움을 받으며 강아지들은 힘을 합쳐 꽁꽁 얼어붙은 툰드라를 지나 집까지 가야 한다.,https://images.justwatch.com/poster/179622473/s592/snow-buddies,https://www.justwatch.com/images/backdrop/249256283/s1440/snow-buddies,['https://disneyplus.bn5x.net/c/1206980/705874/9358?u=https%3A%2F%2Fwww.disneyplus.com%2Fmovies%2Fsnow-buddies%2F1X60ArsyL1Uv&subId3=justappsvod'],['Disney Plus']
121,파이퍼,,2016,47,0.0,0,['애니메이션'],6,,,배고픈 도요새가 엄마의 도움 없이 먹이를 찾아 나선다는 이야기.,https://images.justwatch.com/poster/93291766/s592/paipeo,https://www.justwatch.com/images/backdrop/209631955/s1440/paipeo,['https://disneyplus.bn5x.net/c/1206980/705874/9358?u=https%3A%2F%2Fwww.disneyplus.com%2Fmovies%2Fpiper%2F3j2llXeKBRCu&subId3=justappsvod'],['Disney Plus']
122,와일드 멕시코,1.0,2018,41,7.4,0,['다큐멘터리'],44,,3.0,,https://images.justwatch.com/poster/243417513/s592/시즌-1,https://www.justwatch.com/images/backdrop/243417520/s1440/시즌-1,['https://disneyplus.bn5x.net/c/1206980/705874/9358?u=https%3A%2F%2Fwww.disneyplus.com%2Fseries%2Fmexico-untamed%2F3SP7vyphCIAL&subId3=justappsvod'],['Disney Plus']
123,형사 가제트 2,,2003,27,0.0,0,['코미디'],89,,,"범죄율 제로. 최고의 평화와 안전을 자랑하는 도시 리버튼. 이곳에서 범죄와의 전쟁을 위해 언제나 두눈을 부릅뜬 사나이가 있었으니, 그의 이름은 바로 형사 가제트. 오늘도 그는 범죄의 완전소탕을 위해 규정속도를 0.3마일 위반한 할머니를 체포했다가 큄비 반장에게 된통 야단만 맞는다. 얼마 전에도 유통기한이 3일지난 쿠키를 파는 꼬마 소녀들을 구속했다가 망신만 당했다. 그런데 어쩌다가 최고의 형사가 이런 자질구레한 사건이나 처리하는 신세가 되었을까? 그 이유는 바로 가제트 자신에게 있었다. 최고의 악당 클로는 물론이고, 범죄자란 범죄자는 온통 감옥에 집어넣은 까닭에 심각한 범죄는 모조리 사라져 버린 것이다. 그런데! 리버튼 시를 발칵 뒤집어놓는 사건이 발생한다. 클로가 감옥에서 탈출한 것이다. 당장 가제트가 현장에 투입되지만, 사건은 좀처럼 맘먹은대로 풀리지 않는다. 뭐가 문제인지 요새 그의 몸에 부착된 장비들이 제대로 명령을 듣지 않고 말썽만 부리는 까닭이다. 가뜩이나 경찰에서 그의 자리가 위태로운데, 시 당국은 최첨단 로봇 형사 G2를 개발하여 가제트를 찬밥취급한다. 최첨단 칩과 테크놀로지로 무장한 G2는 냉정한 판단력에 날렵한 무술실력, 게다가 늘씬한 미모까지 갖추고서 맡는 사건마다 단번에 해결해버렸다. 클로 사건도 G2 차지가 되었다. G2의 미모에 반한 가제트는 그와 파트너로 일하려 하지만, G2는 어리버리하고 무능해 보이는 그를 동료로 취급하지도 않고, 큄비 반장은 한 술 더 떠서 가제트를 형사직에서 완전히 해고시켜 버린다.",https://images.justwatch.com/poster/164454446/s592/inspector-gadget-2,https://www.justwatch.com/images/backdrop/202940247/s1440/inspector-gadget-2,['https://disneyplus.bn5x.net/c/1206980/705874/9358?u=https%3A%2F%2Fwww.disneyplus.com%2Fmovies%2Finspector-gadget-2%2F17RMfVHqVbJp&subId3=justappsvod'],['Disney Plus']
124,Marvel's Rocket & Groot,1.0,2017,75,6.6,0,"['SF', '애니메이션', '코미디', '가족']",2,,12.0,,https://images.justwatch.com/poster/11570429/s592/시즌-1,https://www.justwatch.com/images/backdrop/11570430/s1440/시즌-1,['https://disneyplus.bn5x.net/c/1206980/705874/9358?u=https%3A%2F%2Fwww.disneyplus.com%2Fseries%2Frocket-groot-shorts%2F7Wavz99zpF7x&subId3=justappsvod'],['Disney Plus']
125,Wind,,2019,42,0.0,0,['애니메이션'],8,,,"Set in a world of magical realism, ""Wind"" sees a grandmother and her grandson trapped down an endless chasm, scavenging debris that surrounds them to realize their dream of escaping to a better life.",https://images.justwatch.com/poster/249948913/s592/wind,https://www.justwatch.com/images/backdrop/198462429/s1440/wind,['https://disneyplus.bn5x.net/c/1206980/705874/9358?u=https%3A%2F%2Fwww.disneyplus.com%2Fmovies%2Fwind%2F1EvvZOeiTFGb&subId3=justappsvod'],['Disney Plus']
126,Marvel Funko Shorts,1.0,2016,30,0.0,0,['애니메이션'],1,,11.0,,https://images.justwatch.com/poster/101227817/s592/시즌-1,https://www.justwatch.com/images/backdrop/261988989/s1440/시즌-1,['https://disneyplus.bn5x.net/c/1206980/705874/9358?u=https%3A%2F%2Fwww.disneyplus.com%2Fseries%2Fmarvel-funko-shorts%2F1zpXcAgarSdO&subId3=justappsvod'],['Disney Plus']
127,유인원의 제국: 최후의 승자,,2014,29,0.0,0,['다큐멘터리'],44,,,유인원은 인간과 많은 특징을 공유하는 매력적이고 지적인 동물이다. 영장류 동물학자 제인 구달의 획기적인 연구를 바탕으로 복잡한 이들 종의 문화와 성격을 자세히 알아본다. '유인원의 제국: 최후의 승자'는 이 강한 동물들의 삶과 무리 속에서 우위를 결정하기 위해 싸움을 벌이는 과정을 보여준다.,https://images.justwatch.com/poster/207740262/s592/yuinweonyi-jegug-coehuyi-seungja,https://www.justwatch.com/images/backdrop/179082174/s1440/yuinweonyi-jegug-coehuyi-seungja,['https://disneyplus.bn5x.net/c/1206980/705874/9358?u=https%3A%2F%2Fwww.disneyplus.com%2Fmovies%2Fkingdom-of-the-apes-battle-lines%2F4o0Bpi8QFbiF&subId3=justappsvod'],['Disney Plus']
128,보안관 칼리의 서부 모험,1.0,2013,71,6.3,0,"['서부', '애니메이션', '액션', '코미디', '가족']",18,,20.0,,https://images.justwatch.com/poster/205470831/s592/시즌-1,https://www.justwatch.com/images/backdrop/205670934/s1440/시즌-1,['https://disneyplus.bn5x.net/c/1206980/705874/9358?u=https%3A%2F%2Fwww.disneyplus.com%2Fseries%2Fsheriff-callies-wild-west%2F2rC8u0zE0Q7t&subId3=justappsvod'],['Disney Plus']
129,보안관 칼리의 서부 모험,2.0,2015,71,6.3,0,"['서부', '코미디', '가족', '애니메이션', '액션']",23,,20.0,,https://images.justwatch.com/poster/205470831/s592/시즌-2,https://www.justwatch.com/images/backdrop/205670934/s1440/시즌-2,['https://disneyplus.bn5x.net/c/1206980/705874/9358?u=https%3A%2F%2Fwww.disneyplus.com%2Fseries%2Fsheriff-callies-wild-west%2F2rC8u0zE0Q7t&subId3=justappsvod'],['Disney Plus']
130,피라미드의 사라진 무덤,,2020,67,6.1,0,['다큐멘터리'],44,,,고고학자들이 피라미드 발굴을 통해서 파라오와 관련한 미스터리를 풀어나가는 다큐멘터리,https://images.justwatch.com/poster/258120252/s592/lost-tombs-of-the-pyramids,https://www.justwatch.com/images/backdrop/254241806/s1440/lost-tombs-of-the-pyramids,['https://disneyplus.bn5x.net/c/1206980/705874/9358?u=https%3A%2F%2Fwww.disneyplus.com%2Fmovies%2Flost-tombs-of-the-pyramids%2FygEOuGKUZp31&subId3=justappsvod'],['Disney Plus']
131,노틀담의 꼽추 2,,2002,34,0.0,0,['코미디'],68,,,"흥겨운 축제 분위기에 잔뜩 들떠있는 파리. 며칠후면 사랑의 축제가 열리기 때문이다. 축제의 하이라이트는 노틀담의 종지기 콰지모도에 의해서 진행된다. 콰지모도가 사랑의 종 라피델을 울리는 동안 연인들은 번갈아가며 무대위에 올라 마음에 답고 있던 연인의 이름을 힘껏 외치는 것이다.  하지만 정작 벨을 울려야 하는 콰지모도는 쓸쓸하기만 하다. '못난내가 누구의 이름을 부를 수 있겠어…'  사로슈의 서커스단이 도착하면서 축제 분위기는 한층 고조된다. 아슬아슬한 외줄위에서 공중제비를 돌고 거대한 코끼리를 단숨에 사라지게 하는 마술사 사로슈는 시민들의 눈을 완전히 사로잡았다. 그러나, 사로슈의 진짜 목적은 축제가 아니었다.  그것은 바로 사랑의 종 라피델. 라피델이야 말로 세계 최고의 보물이라는 소문이 그의 마음 속을 가득 채우고 있었던 것이다.  자신이 파리델을 훔치는 사이 콰지모도의 시선을 다른 곳으로 돌리기 위해 사로슈는 자신의 아름다운 조수 마들렌을 콰지모도에게 접근시킨다. 아름답고 순수한 마들렌에게 마음을 빼앗겨 버린 콰지모도.  그러나 사로슈가 종을 훔쳐낸 사실이 알려지고, 콰지모도의 단짝 친구이자 에스메랄다와 피버스의 둘도 없는 아들 제퍼가 사라졌다는 것을 알게 되자 콰지모도의 사랑은 곧 분노로 바뀌어 버린다.  근위대장 피버스를 중심으로 조직된 수색대가 파리를 샅샅이 뒤지지만, 사로슈 일행은 흔적도 찾을 수 없다. 과연 콰지모도와 그의 사랑의 힘은 사악한 사로슈로부터 라피델과 제퍼를 구해낼 수 있을 것인가?",https://images.justwatch.com/poster/189062981/s592/noteuldamyi-ggobcu-2,https://www.justwatch.com/images/backdrop/244218816/s1440/noteuldamyi-ggobcu-2,['https://disneyplus.bn5x.net/c/1206980/705874/9358?u=https%3A%2F%2Fwww.disneyplus.com%2Fmovies%2Fthe-hunchback-of-notre-dame-ii%2F5MDd0svIEE4s&subId3=justappsvod'],['Disney Plus']
132,조지 오브 정글 2,,2003,29,0.0,0,['코미디'],83,,,"많은 가족과 영화 평론가가 극찬한 코미디 어드벤쳐 영화 ""조지 오브 정글 2""가 사랑받는 캐릭터들과 함께 돌아왔다. 마지막으로 조지를 봤을 때, 그는 그의 아내인 우르술라와 함께 정글에서 신혼을 즐기고 있었다. 안타깝게도, 결혼생활도 오래 가지는 못했다. 조지의 장모인 스탠호프는 딸과 손자가 어설픈 정글에 왕과 계속 살게 놔두려 하지 않는데... 그녀는 치밀한 계획을 세워 우르술라의 전 약혼남인 집착스러운 라일과 함께 우르술라에게 최면을 걸어 조지를 떠나게 만든다. 이제 조지, 에이프, 솁과 투키투키는 우르술라를 구하고 정글을 라일의 계획으로부터 지켜내야 한다.",https://images.justwatch.com/poster/11151421/s592/george-of-the-jungle-2,https://www.justwatch.com/images/backdrop/207097963/s1440/george-of-the-jungle-2,['https://disneyplus.bn5x.net/c/1206980/705874/9358?u=https%3A%2F%2Fwww.disneyplus.com%2Fmovies%2Fgeorge-of-the-jungle-2%2F6JT1KATzUJdQ&subId3=justappsvod'],['Disney Plus']
133,곰돌이 푸: 크리스토퍼 로빈을 찾아서,,1997,43,0.0,0,['애니메이션'],73,,,"푸와 숲속 친구들과 함께 재밌게 놀면서 우정을 쌓아온 로빈. 어느 날, 로빈이 해골성으로 잡혀간 줄 오해한 숲속친구드른 한번도 가본 적 없는 무시무시한 세계로 발을 들여놓는다. 하지만, 로빈을 찾아 수많은 모험을 겪던 푸와 친구들은 어느새 자신도 몰랐던 마음속의 용기와 지혜를 찾게 되는데…",https://images.justwatch.com/poster/264389798/s592/poohs-grand-adventure-the-search-for-christopher-robin,https://www.justwatch.com/images/backdrop/288981095/s1440/poohs-grand-adventure-the-search-for-christopher-robin,['https://disneyplus.bn5x.net/c/1206980/705874/9358?u=https%3A%2F%2Fwww.disneyplus.com%2Fmovies%2Fpoohs-grand-adventure-the-search-for-christopher-robin%2F56vBjCYkjOI3&subId3=justappsvod'],['Disney Plus']
134,환상의 짝꿍,1.0,2012,66,7.4,0,['다큐멘터리'],72,,5.0,,https://images.justwatch.com/poster/208376961/s592/시즌-1,https://www.justwatch.com/images/backdrop/207047767/s1440/시즌-1,['https://www.wavve.com/player/vod?contentid=M_EP202006032763.1'],['wavve']
135,환상의 짝꿍,2.0,2013,66,7.4,0,['다큐멘터리'],60,,5.0,,https://images.justwatch.com/poster/208376430/s592/시즌-2,https://www.justwatch.com/images/backdrop/207047767/s1440/시즌-2,['https://disneyplus.bn5x.net/c/1206980/705874/9358?u=https%3A%2F%2Fwww.disneyplus.com%2Fseries%2Funlikely-animal-friends%2F1Pq0RAKZBjG2&subId3=justappsvod'],['Disney Plus']
136,환상의 짝꿍,3.0,2014,66,7.4,0,['다큐멘터리'],35,,7.0,,https://images.justwatch.com/poster/208374798/s592/시즌-3,https://www.justwatch.com/images/backdrop/207047767/s1440/시즌-3,['https://disneyplus.bn5x.net/c/1206980/705874/9358?u=https%3A%2F%2Fwww.disneyplus.com%2Fseries%2Funlikely-animal-friends%2F1Pq0RAKZBjG2&subId3=justappsvod'],['Disney Plus']
137,환상의 짝꿍,4.0,2016,66,7.4,0,['다큐멘터리'],44,,6.0,,https://images.justwatch.com/poster/208374690/s592/시즌-4,https://www.justwatch.com/images/backdrop/207047767/s1440/시즌-4,[],[]
138,환상의 짝꿍,5.0,2016,66,7.4,0,['다큐멘터리'],44,,7.0,,https://images.justwatch.com/poster/145294836/s592/시즌-5,https://www.justwatch.com/images/backdrop/207047767/s1440/시즌-5,[],[]
139,내 사랑 플리카,,2006,71,6.0,8000,"['드라마', '가족']",95,,,"16살 소녀 케이티 맥롤린(앨리슨 로먼 분)은 기숙 학교를 그만둔 뒤 와이오밍의 가족 목장으로 돌아온다. 하지만 그 사실을 부모인 롭(팀 맥그로 분)과 넬(마리아 벨로 분)에게 차마 알리지 못한다. 케이티가 목장을 떠나 다른 삶을 살기를 희망하는 부모님은 그녀를 대학에 보내기 위해 너무 많은 희생을 해왔다. 더구나 목장의 수입도 나빠지는 상황에서 충격적인 소식을 전할 수가 없는 것이다. 케이티는 답답한 마음을 달래려고 가족 목장에서 멀리 떨어진 곳까지 말을 타고 달린다. 그때 갑자기 사나운 쿠거가 위협하려는 순간, 한 마리 야생마가 나타나 그녀를 구해준다. 이를 계기로 케이티는 야생마에게 ‘플리카’라는 이름을 지어주고 경주마로 키우기 위해 아버지 몰래 훈련을 시킨다. 하지만 얼마 지나지 않아 아버지는 케이티의 중퇴 사실과 플리카에 대해 모두 알게 되고, 목장에 남아서 말을 키우려는 그녀의 결정에 분노한다. 사사건건 아버지와 충돌하는 가운데, 케이티는 여러모로 자신과 닮은 점이 많은 플리카에게 더욱 친밀감을 느끼게 되고, 말과 교감을 나누기 위해 최선을 다한다. 하지만 케이티가 대학교에 진학해서 자신과는 다른 삶을 살기를 희망하는 아버지 롭(팀 맥그로 분)은 그녀의 결정을 달가워하지 않는다. 그런 와중에 길들여지지 않는 플리카로 인해 케이티가 말에서 떨어지는 사고가 발생한다. 플리카가 못마땅했던 롭은 기회를 놓치지 않고 말을 팔아버린다. 플리카를 잊지 못한 채 무기력한 나날을 보내던 케이티는 우연히 플리카의 소식을 듣고는, 그녀를 다시 찾아올 계획을 세우는데...",https://images.justwatch.com/poster/253221636/s592/flicka,https://www.justwatch.com/images/backdrop/94999206/s1440/flicka,['https://disneyplus.bn5x.net/c/1206980/705874/9358?u=https%3A%2F%2Fwww.disneyplus.com%2Fmovies%2Fflicka%2F2zgR1pGaqiea&subId3=justappsvod'],['Disney Plus']
140,Marvel's Ultimate Comics,1.0,2019,5,0.0,0,[''],3,,4.0,,,https://www.justwatch.com/images/backdrop/157099865/s1440/시즌-1,['https://disneyplus.bn5x.net/c/1206980/705874/9358?u=https%3A%2F%2Fwww.disneyplus.com%2Fseries%2Fmarvels-ultimate-comics%2F5yFeWp2FMynf&subId3=justappsvod'],['Disney Plus']
141,Disney Junior Music Nursery Rhymes,1.0,2017,75,6.6,0,"['애니메이션', '가족', '음악']",5,,20.0,,https://images.justwatch.com/poster/301245682/s592/시즌-1,https://www.justwatch.com/images/backdrop/207392501/s1440/시즌-1,['https://disneyplus.bn5x.net/c/1206980/705874/9358?u=https%3A%2F%2Fwww.disneyplus.com%2Fseries%2Fdisney-junior-music-nursery-rhymes%2F4MSGc1Xuk7jF&subId3=justappsvod'],['Disney Plus']
142,Disney Junior Music Nursery Rhymes,2.0,0,75,6.6,0,"['애니메이션', '가족', '음악']",2,,20.0,,https://images.justwatch.com/poster/301245682/s592/시즌-2,https://www.justwatch.com/images/backdrop/207392501/s1440/시즌-2,['https://disneyplus.bn5x.net/c/1206980/705874/9358?u=https%3A%2F%2Fwww.disneyplus.com%2Fseries%2Fdisney-junior-music-nursery-rhymes%2F4MSGc1Xuk7jF&subId3=justappsvod'],['Disney Plus']
143,드레인 더 타이타닉,,2016,73,6.4,0,['다큐멘터리'],46,,,Computer-generated imagery and other visualization techniques reveal how it would look if all the water was removed from RMS Titanic's final resting place.,https://images.justwatch.com/poster/206192025/s592/deurein-deo-taitanig,https://www.justwatch.com/images/backdrop/183314931/s1440/deurein-deo-taitanig,['https://disneyplus.bn5x.net/c/1206980/705874/9358?u=https%3A%2F%2Fwww.disneyplus.com%2Fmovies%2Fdrain-the-titanic%2F5VNZom2KYtlb&subId3=justappsvod'],['Disney Plus']
144,인도의 와일드 캣,1.0,2020,88,7.6,0,['다큐멘터리'],44,,2.0,,https://images.justwatch.com/poster/209121657/s592/시즌-1,https://www.justwatch.com/images/backdrop/206905946/s1440/시즌-1,['https://disneyplus.bn5x.net/c/1206980/705874/9358?u=https%3A%2F%2Fwww.disneyplus.com%2Fseries%2Fwild-cats-of-india%2F38iHk6m93pjK&subId3=justappsvod'],['Disney Plus']
145,Maui Shark Mystery,,2022,55,0.0,0,[''],44,,,"Every year tiger sharks gather in big numbers in Maui. What’s the cause? It’s a mystery that’s a decade in the making. Now, a team of fearless shark scientists gets hands-on with one of the ocean’s largest predators to find out. That means free diving, face-to-face and unprotected. But these young women will do whatever it takes to get the data they need to crack the case.",https://images.justwatch.com/poster/291127079/s592/maui-shark-mystery,https://www.justwatch.com/images/backdrop/291127086/s1440/maui-shark-mystery,['https://disneyplus.bn5x.net/c/1206980/705874/9358?u=https%3A%2F%2Fwww.disneyplus.com%2Fmovies%2Fmaui-shark-mystery%2F4lkv3DjlJMhH&subId3=justappsvod'],['Disney Plus']
146,미키의 크리스마스 선물,,2004,42,0.0,0,"['애니메이션', '가족']",68,,,"크리스마스를 맞아 미키와 친구들은 서로 자신만의 방식대로 크리스마스를 즐기려 하지만 생각대로 잘 되지 않는다. 평소 미니와 데이지는 친한 친구지만 피겨 스케이팅 대회에서 일등을 놓고 점점 싸우기 시작하고,휴이,듀이,루이는 평소 착한일을 하지 않아 크리스마스 선물을 받지 못할 까봐 걱정하다가 산타가 있는 곳으로 간다. 맥스는 여자친구 앞에서 잘 보이고 싶지만 아빠가 어리버리한 구피여서 고민하고 미키도 미니에게 잘 보이려고 크리스마스 장식을 하지만 플루토가 실수로 그것을 망쳐놓아 플루토는 미키를 떠난다. 미키와 친구들이 각자가 가지고 있는 갈등을 크리스마스를 계기로 풀어가며 서로를 이해하는 이야기이다.",https://images.justwatch.com/poster/104439960/s592/mikiyi-keuriseumaseu-seonmul,https://www.justwatch.com/images/backdrop/209544846/s1440/mikiyi-keuriseumaseu-seonmul,['https://disneyplus.bn5x.net/c/1206980/705874/9358?u=https%3A%2F%2Fwww.disneyplus.com%2Fmovies%2Fmickeys-twice-upon-a-christmas%2F4RwFm3SJKgX4&subId3=justappsvod'],['Disney Plus']
147,한나 몬타나와 마일리 사이러스: 두 세계의 최고 콘서트,,2008,48,2.5,12000,"['다큐멘터리', '음악']",82,,,"전국적으로 매진을 기록한 ‘한나 몬타나 & 마일리 사이러스: 두 세계의 최고 콘서트’에서 공연하는 마일리 사이러스의 모습을 보여준다. 69개 도시를 순회한 스탠딩 콘서트 투어를 담은 이 영화는 팝의 우상인 그녀의 새로운 차원을 보여준다. 조너스 브러더스 등 최고의 스타들이 특별 게스트로 참여한 이 콘서트 투어는 댄서, 폭죽, 영상 효과로 가득 찬 무대를 선보이며 다양한 매체를 통해 전 세계 팬들을 사로잡은 15세의 가수 겸 배우 마일리 사이러스의 매력을 느끼게 해준다. 생생한 콘서트 장면과 함께, 투어 중 마일리의 무대 뒤 삶도 엿볼 수 있다.",https://images.justwatch.com/poster/241782773/s592/hanna-montanawa-mailri-saireoseu-du-segyeyi-coego-konseoteu,https://www.justwatch.com/images/backdrop/303926858/s1440/hanna-montanawa-mailri-saireoseu-du-segyeyi-coego-konseoteu,['https://disneyplus.bn5x.net/c/1206980/705874/9358?u=https%3A%2F%2Fwww.disneyplus.com%2Fmovies%2Fhannah-montana-and-miley-cyrus-best-of-both-worlds-concert%2F5vu8zRk18rXr&subId3=justappsvod'],['Disney Plus']
148,블랙 이즈 킹,,2020,72,5.8,9000,"['음악', '드라마', '판타지']",85,,,비욘세가 각자의 왕관을 찾는 이 시대의 젊은 왕과 왕비에게 ‘The Lion King’의 교훈을 재해석한 비주얼 앨범을 선사한다. 사랑과 배신을 통해 자아를 찾는 젊은 왕의 위대한 여정은 세대를 잇는 흑인 가족의 항해 또한 명예롭게 한다.,https://images.justwatch.com/poster/195035791/s592/beulraeg-ijeu-king,https://www.justwatch.com/images/backdrop/194890611/s1440/beulraeg-ijeu-king,['https://disneyplus.bn5x.net/c/1206980/705874/9358?u=https%3A%2F%2Fwww.disneyplus.com%2Fmovies%2Fblack-is-king%2F7daDvpFdBXPs&subId3=justappsvod'],['Disney Plus']
149,래디에이터 스프링스 500½,,2014,38,0.0,0,['코미디'],6,,,"A 'leisurely drive' planned in honor of Radiator Springs’ town founder, Stanley, turns precarious as Baja pros descend on the town and challenge Lightning McQueen to an off-road race. Meanwhile, the townsfolk, led by a Stanley-costumed Mater, enjoy the planned 'leisurely drive' to retrace Stanley’s original frontier route. Thinking they’re on the same course, a wrong turn sends McQueen and the Baja pros on a treacherously wild bid for survival. The misunderstanding leaves the racing professionals in awe of the 'legend' of Stanley: the Original Off-Road Racer.",https://images.justwatch.com/poster/207661479/s592/raedieiteo-seupeuringseu-5001-2,https://www.justwatch.com/images/backdrop/207661482/s1440/raedieiteo-seupeuringseu-5001-2,['https://disneyplus.bn5x.net/c/1206980/705874/9358?u=https%3A%2F%2Fwww.disneyplus.com%2Fmovies%2Fcars-toon-the-radiator-springs-500-1-2%2F5dtSdbLsRn8T&subId3=justappsvod'],['Disney Plus']
150,마블의 75년: 대중문화의 히어로가 되다!,,2014,75,7.0,1000,"['다큐멘터리', '역사']",41,,,1939년의 '타임리 코믹스'에서 시작해 1940년대에 마블의 중추였던 조 사이먼과 잭 커비는 2차 세계 대전 후를 배경으로 캡틴 아메리카를 만들어낸다. 1950년대에는 슈퍼히어로 이야기와 코믹스의 인기가 쇠퇴하지만 1961년에 스탠 리와 잭 커비는 현대적인 슈퍼히어로 군단 '판타스틱 4'를 만들어서 슈퍼히어로물의 인기를 되살리고 마블의 시대를 연다. 스탠 리와 잭 커비의 아들인 닐 커비의 독점 인터뷰가 담겨 있다.,https://images.justwatch.com/poster/293930627/s592/marvel-75-years-from-pulp-to-pop,https://www.justwatch.com/images/backdrop/209537983/s1440/marvel-75-years-from-pulp-to-pop,['https://disneyplus.bn5x.net/c/1206980/705874/9358?u=https%3A%2F%2Fwww.disneyplus.com%2Fmovies%2Fmarvel-75-years-from-pulp-to-pop%2F3Pmu9Mc1H8gv&subId3=justappsvod'],['Disney Plus']
151,타이어 수리는 힘들어,,1943,38,0.0,0,['코미디'],7,,,"시골길을 달리던 도날드는 타이어에 구멍이 나자 고치려고 하지만 쉽지 않다. 잭도 망가지고, 라디에이터는 폭발하고, 멀쩡하던 타이어 3개까지 전부 구멍이 나버렸다. 두 손 두 발 전부 든 도날드는 구멍 난 타이어 그대로 차를 몬다.",https://images.justwatch.com/poster/11789703/s592/donalds-tire-trouble,https://www.justwatch.com/images/backdrop/11789704/s1440/donalds-tire-trouble,['https://disneyplus.bn5x.net/c/1206980/705874/9358?u=https%3A%2F%2Fwww.disneyplus.com%2Fmovies%2Fdonalds-tire-trouble%2F4Wxo5LhwCWAz&subId3=justappsvod'],['Disney Plus']
152,틴 토이,,1988,37,0.0,0,"['애니메이션', '가족']",5,,,"장난감 병정은 장난감들을 괴롭히는 아기를 피해서 있는 힘을 다해서 침대 밑으로 피신한다. 그러나 그곳에서 장난감 병정은 자신과 마찬가지로 아기에게서 피신한 다른 장난감들과 만나게 된다. 한편 장난감을 잃은 아기는 마침내 울음을 터뜨리고, 장난감 병정은 웬지모를 책임감에 아기를 달래기 위해서 밖으로 나가는데...",https://images.justwatch.com/poster/250596921/s592/tin-toi,https://www.justwatch.com/images/backdrop/209239430/s1440/tin-toi,['https://disneyplus.bn5x.net/c/1206980/705874/9358?u=https%3A%2F%2Fwww.disneyplus.com%2Fmovies%2Ftin-toy%2F5R22xupX16it&subId3=justappsvod'],['Disney Plus']
153,My Music Story: Sukimaswitch,,2020,1,0.0,0,"['다큐멘터리', '음악']",81,,,,,,['https://disneyplus.bn5x.net/c/1206980/705874/9358?u=https%3A%2F%2Fwww.disneyplus.com%2Fmovies%2Fmy-music-story-sukimaswitch%2F7PttdS7KdngD&subId3=justappsvod'],['Disney Plus']
154,판다를 안아줘!: 메이의 새빨간 비밀 비하인드,,2022,38,0.0,0,['다큐멘터리'],48,,,도미 시 감독과 픽사 팀의 손에서 만들어진 메이의 변화 과정에 대한 다큐멘터리,https://images.justwatch.com/poster/267749691/s592/embrace-the-panda-making-turning-red,https://www.justwatch.com/images/backdrop/267451520/s1440/embrace-the-panda-making-turning-red,['https://disneyplus.bn5x.net/c/1206980/705874/9358?u=https%3A%2F%2Fwww.disneyplus.com%2Fmovies%2Fembrace-the-panda-making-turning-red%2F6UKnIo7H29f0&subId3=justappsvod'],['Disney Plus']
155,마스: 인사이드 스페이스X,,2018,80,7.3,0,['다큐멘터리'],46,,,"세계에서 가장 혁신적인 회사 중 하나로 꼽히는 스페이스X. 이들이 추진중인 수많은 계획들 중에는 인류를 화성에 보내려는 계획 또한 포함되어 있다. 영화는 3년 동안의 시간에 걸쳐 이 거대하고 어려운 계획에 대한 뒷이야기를 다룬다. 스페이스X의 CEO인 엘론 머스크와 그와 함께 일하는 엔지니어들의 뒤를 쫓으며, 이들이 겪은 크나큰 실패와 거대한 성공 모두가 예상보다 빠른 우주항공 산업의 발전을 이끌어낼 수 있는 밑거름이 되는 과정을 추적한다.",https://images.justwatch.com/poster/266679347/s592/maseu-insaideu-seupeiseux,https://www.justwatch.com/images/backdrop/102918213/s1440/maseu-insaideu-seupeiseux,['https://disneyplus.bn5x.net/c/1206980/705874/9358?u=https%3A%2F%2Fwww.disneyplus.com%2Fmovies%2Fmars-inside-spacex%2F73ufxsUPRw3K&subId3=justappsvod'],['Disney Plus']
156,더 로스트 툼 오브 알렉산더 더 그레이트,,2019,71,6.4,0,"['역사', '다큐멘터리']",44,,,"In this gripping investigation, archaeologist Pepi Papakosta is on a hunt for Alexander the Great's lost tomb, and she makes an extraordinary discovery.",https://images.justwatch.com/poster/267653101/s592/the-lost-tomb-of-alexander-the-great,https://www.justwatch.com/images/backdrop/193962616/s1440/the-lost-tomb-of-alexander-the-great,['https://disneyplus.bn5x.net/c/1206980/705874/9358?u=https%3A%2F%2Fwww.disneyplus.com%2Fmovies%2Fthe-lost-tomb-of-alexander-the-great%2FJk4RAenxkcPi&subId3=justappsvod'],['Disney Plus']
157,도리의 산호초 마을,,2020,56,3.6,0,"['애니메이션', '코미디', '가족']",182,,,Dive into the waters below and watch the aquatic wildlife from the world of Nemo and Dory.,https://images.justwatch.com/poster/239896869/s592/doriyi-sanhoco-maeul,https://www.justwatch.com/images/backdrop/239896870/s1440/doriyi-sanhoco-maeul,['https://disneyplus.bn5x.net/c/1206980/705874/9358?u=https%3A%2F%2Fwww.disneyplus.com%2Fmovies%2Fdorys-reef-cam%2F3sKIwHuYQHKS&subId3=justappsvod'],['Disney Plus']
158,마추픽추의 잃어버린 도시,,2019,74,6.9,0,"['역사', '다큐멘터리']",44,,,"페루 안데스산맥 높은 곳에 고대 도시 마추픽추가 있다. 수많은 관문과 통로로 이뤄진, 과거의 환영을 암시하는 잃어버린 도시. 이 도시를 만든 의문의 이들은 누구이며 만든 이유는 무엇일까? 해답은 이 속에 감춰져 있고, 미라 왕들은 그들의 이야기를 들려주길 기다린다. 하지만 이 발견이 마추픽추의 유령들을 마침내 영면에 들게할 수 있을까?",https://images.justwatch.com/poster/267533251/s592/the-lost-city-of-machu-picchu,https://www.justwatch.com/images/backdrop/200414967/s1440/the-lost-city-of-machu-picchu,['https://disneyplus.bn5x.net/c/1206980/705874/9358?u=https%3A%2F%2Fwww.disneyplus.com%2Fmovies%2Flost-city-of-machu-picchu%2F7kdRDRAAYuvj&subId3=justappsvod'],['Disney Plus']
159,Equator's Wild Secrets,1.0,2019,43,7.8,0,['다큐멘터리'],44,,6.0,,https://images.justwatch.com/poster/255774249/s592/시즌-1,https://www.justwatch.com/images/backdrop/255774256/s1440/시즌-1,['https://disneyplus.bn5x.net/c/1206980/705874/9358?u=https%3A%2F%2Fwww.disneyplus.com%2Fseries%2Fequators-wild-secrets%2F5srt4bvjEJkd&subId3=justappsvod'],['Disney Plus']
160,아이언맨 & 캡틴아메리카 히어로즈 유나이티드,,2014,63,5.0,0,"['애니메이션', '액션', '코미디', '드라마', '가족']",71,,,"Iron Man and Captain America battle to keep the Red Skull and his triggerman, Taskmaster, from unleashing an army of Hydra Brutes on the world!  Sequel to the film ""Iron Man & Hulk: Heroes United"" and feature Iron Man teaming up with Captain America, it comes to accompany the live-action film ""Captain America: The Winter Soldier"".",https://images.justwatch.com/poster/9340263/s592/iron-man-and-captain-america-heroes-united,https://www.justwatch.com/images/backdrop/204006581/s1440/iron-man-and-captain-america-heroes-united,['https://disneyplus.bn5x.net/c/1206980/705874/9358?u=https%3A%2F%2Fwww.disneyplus.com%2Fmovies%2Firon-man-captain-america-heroes-united%2FHPTNVIYOlR9w&subId3=justappsvod'],['Disney Plus']
161,늑대 개 2,,1994,68,5.4,2000,"['가족', '액션']",106,,,"알래스카의 마지막 원주민 부족을 구하기 위해, 용감한 늑대 개 화이트 팽이 주인과 함께 신성한 땅으로 들어간다.",https://images.justwatch.com/poster/243867921/s592/white-fang-2-myth-of-the-white-wolf,https://www.justwatch.com/images/backdrop/243867923/s1440/white-fang-2-myth-of-the-white-wolf,['https://disneyplus.bn5x.net/c/1206980/705874/9358?u=https%3A%2F%2Fwww.disneyplus.com%2Fmovies%2Fwhite-fang-2-myth-of-the-white-wolf%2F2AwgzvKDYpOG&subId3=justappsvod'],['Disney Plus']
162,메이터의 시간여행,,2012,37,0.0,0,['애니메이션'],7,,,"시계가 Mater의 엔진에 착륙했을 때, 그는 1909 년에 시간을 거슬러 올라가 캘리포니아로가는 도중에 야심적인 젊은 차인 Stanley를 만난다.
 Lightning McQueen의 도움으로 Mater는 Stanley가 Radiator Springs를 유지하고 건설하도록 설득함으로써 역사를 바꿉니다.
 스탠리는 리지 (Lizzie)를 만납니다. 그들은 결혼식을 통해 새 법원을 개업하는 것을 기념합니다",https://images.justwatch.com/poster/12022215/s592/meiteoyi-siganyeohaeng,https://www.justwatch.com/images/backdrop/204363374/s1440/meiteoyi-siganyeohaeng,['https://disneyplus.bn5x.net/c/1206980/705874/9358?u=https%3A%2F%2Fwww.disneyplus.com%2Fmovies%2Fcars-toon-time-travel-mater%2F64srW7KvWShQ&subId3=justappsvod'],['Disney Plus']
163,Heavy Metal Mater,,2010,36,0.0,0,['애니메이션'],4,,,"Mater and Lightning McQueen are ready to rock! When Mater's garage band, Mater and the Gas Caps, records a hit song, Mater becomes a rock legend. Then Lightning joins Mater's band for the rock concert of the century!",https://images.justwatch.com/poster/172791471/s592/heavy-metal-mater,https://www.justwatch.com/images/backdrop/191973107/s1440/heavy-metal-mater,['https://disneyplus.bn5x.net/c/1206980/705874/9358?u=https%3A%2F%2Fwww.disneyplus.com%2Fmovies%2Fcars-toon-heavy-metal-mater%2F6EHwMacZy1XG&subId3=justappsvod'],['Disney Plus']
164,Unidentified Flying Mater,,2009,38,0.0,0,['애니메이션'],4,,,"Mater finds a small UFO called Mator and they have a night out. Later, when Mator is captured by military forces, Mater sneaks up and saves him with the help of Lightning McQueen and the UFO's mother.",https://images.justwatch.com/poster/302930623/s592/unidentified-flying-mater,https://www.justwatch.com/images/backdrop/191973365/s1440/unidentified-flying-mater,['https://disneyplus.bn5x.net/c/1206980/705874/9358?u=https%3A%2F%2Fwww.disneyplus.com%2Fmovies%2Fcars-toon-unidentified-flying-mater%2F4tqHONi7G1Eh&subId3=justappsvod'],['Disney Plus']
165,Corn Chips,,1951,40,0.0,0,['애니메이션'],7,,,"Donald is shoveling the snow off his walk; Chip 'n' Dale are shoveling their branch. Donald tricks them into shoveling his walk. Angered, they sneak into his house, where he's getting ready to make popcorn. They've never seen this before, but they love it. They stow away in the box, then make off with the bowl of popped corn.",https://images.justwatch.com/poster/210860780/s592/corn-chips,https://www.justwatch.com/images/backdrop/210860781/s1440/corn-chips,['https://disneyplus.bn5x.net/c/1206980/705874/9358?u=https%3A%2F%2Fwww.disneyplus.com%2Fmovies%2Fcorn-chips%2F7QaVOLwNAqa7&subId3=justappsvod'],['Disney Plus']
166,북극곰 비하인드,,2022,68,6.9,0,['다큐멘터리'],83,,,"블레어 언더우드가 내레이션을 맡은 ""북극곰 비하인드""는, 북극에서 480여 킬로미터 떨어진 노르웨이 스발바르 제도에서 디즈니 네이처의 ""북극곰"" 제작진이 지구상에서 가장 흥미로운 동물 중 하나인 북극곰을 촬영하며 수많은 난관에 맞서는 과정을 보여 준다. 카메라가 돌아가기 전부터, 제작진은 최첨단 북극 캠프를 만들고 운송해야 했다. 환경친화적이고, 자급자족이 가능하며, 썰매에 얹어 이동 가능한 이 시설은 주방과 휴게실, 숙소까지 갖추고 있다. 에미상과 영국 아카데미상을 수상한 롱 렌즈 전문 카메라맨을 비롯해 수상 경력이 있는 드론 오퍼레이터, 혁신적인 자이로 스테이블라이즈드 카메라 시스템 및 오퍼레이터가 포함된 촬영 팀은 사실상 뚫고 나가기 힘든 눈보라와 극도로 약한 해빙이라는 악조건을 혜쳐 나가며 이 위풍당당한 하얀 곰들의 위치를 파악하고 추적하고, 카메라에 담았다. 이들이 촬영한 전례 없는 영상에는 변화하는 환경 속에 고군분투하는 곰들의 모습뿐만 아니라 베테랑 다큐멘터리 제작진들마저 놀라게 만든 북극곰들의 적응 행동들이 담겨있다.",https://images.justwatch.com/poster/272013363/s592/bear-witness,https://www.justwatch.com/images/backdrop/272013369/s1440/bear-witness,['https://disneyplus.bn5x.net/c/1206980/705874/9358?u=https%3A%2F%2Fwww.disneyplus.com%2Fmovies%2Fbear-witness%2F5LiabxPlHhsz&subId3=justappsvod'],['Disney Plus']
167,LEGO Star Wars: The New Yoda Chronicles - Escape from the Jedi Temple,,2014,37,0.0,0,"['SF', '애니메이션', '가족']",22,,,"Luke Skywalker's poor judgment nearly gets him and his friends captured by Darth Vader. After witnessing this bit of immaturity, both Yoda and the ghost of Obi-Wan make the decision to expand Luke's training.",https://images.justwatch.com/poster/207658641/s592/lego-star-wars-the-new-yoda-chronicles-escape-from-the-jedi-temple,https://www.justwatch.com/images/backdrop/207658646/s1440/lego-star-wars-the-new-yoda-chronicles-escape-from-the-jedi-temple,['https://disneyplus.bn5x.net/c/1206980/705874/9358?u=https%3A%2F%2Fwww.disneyplus.com%2Fmovies%2Flego-star-wars-the-new-yoda-chronicles-escape-from-the-jedi-temple%2F1KoJ4kaVggrg&subId3=justappsvod'],['Disney Plus']
168,Disney Holiday Magic Quest,,2020,83,6.7,0,[''],45,,,"Raven-Symoné virtually hosts the challenge, which features ""ZOMBIES 2"" stars competing in a holiday adventure through Magic Kingdom Park. After iconic Disney villains Maleficent and Evil Queen steal holiday magic, the stars must overcome obstacles and complete challenges to restore the joy of the season.",https://images.justwatch.com/poster/239529551/s592/disney-holiday-magic-quest,https://www.justwatch.com/images/backdrop/239529552/s1440/disney-holiday-magic-quest,['https://disneyplus.bn5x.net/c/1206980/705874/9358?u=https%3A%2F%2Fwww.disneyplus.com%2Fmovies%2Fdisney-holiday-magic-quest%2F66DpTBXmAmEN&subId3=justappsvod'],['Disney Plus']
169,Sharks of the Bermuda Triangle,,2020,71,5.6,0,['다큐멘터리'],43,,,Marine biologist Dr. Austin Gallagher searches for the holy grail of shark research -- the secret breeding grounds of tiger sharks.,https://images.justwatch.com/poster/267533256/s592/sharks-of-the-bermuda-triangle,https://www.justwatch.com/images/backdrop/243840986/s1440/sharks-of-the-bermuda-triangle,['https://disneyplus.bn5x.net/c/1206980/705874/9358?u=https%3A%2F%2Fwww.disneyplus.com%2Fmovies%2Fsharks-of-the-bermuda-triangle%2F5LtW7YwOC0fQ&subId3=justappsvod'],['Disney Plus']
